-- phpMyAdmin SQL Dump
-- version 4.5.1
-- http://www.phpmyadmin.net
--
-- Host: 127.0.0.1
-- Generation Time: May 01, 2019 at 07:38 AM
-- Server version: 10.1.10-MariaDB
-- PHP Version: 5.6.19

SET SQL_MODE = "NO_AUTO_VALUE_ON_ZERO";
SET time_zone = "+00:00";


/*!40101 SET @OLD_CHARACTER_SET_CLIENT=@@CHARACTER_SET_CLIENT */;
/*!40101 SET @OLD_CHARACTER_SET_RESULTS=@@CHARACTER_SET_RESULTS */;
/*!40101 SET @OLD_COLLATION_CONNECTION=@@COLLATION_CONNECTION */;
/*!40101 SET NAMES utf8mb4 */;

--
-- Database: `ci_demo_app`
--

-- --------------------------------------------------------

--
-- Table structure for table `academic_degree`
--

CREATE TABLE `academic_degree` (
  `id` int(11) NOT NULL,
  `degree_name` varchar(50) DEFAULT NULL,
  `degree_status` enum('Y','N') NOT NULL DEFAULT 'Y'
) ENGINE=InnoDB DEFAULT CHARSET=latin1;

--
-- Dumping data for table `academic_degree`
--

INSERT INTO `academic_degree` (`id`, `degree_name`, `degree_status`) VALUES
(1, 'Bachelor of Commerce (B.Com)', 'Y'),
(2, 'Bachelor of Technology (B.Tech)', 'Y'),
(3, 'Bachelor of Computer Applications (BCA)', 'Y'),
(4, 'Bachelors’ in Sports Management (BSM)', 'Y'),
(5, 'Bachelor of Hotel Management (BHM)', 'Y'),
(6, 'Bachelor of Arts (B.A.)', 'Y'),
(7, 'Bachelor of Education (B.Ed.)', 'Y'),
(8, 'Bachelor of Engineering (B.E)', 'Y'),
(9, 'Bachelor of Science (B.Sc.)', 'Y'),
(10, 'Master of Commerce (M.Com)', 'Y'),
(11, 'Master of Arts (M.A.)', 'Y'),
(12, 'Master of Science (M.Sc.)', 'Y'),
(13, 'Madhyamik', 'Y'),
(14, 'Higher Secondary', 'Y'),
(15, 'Not Applicable', 'Y');

-- --------------------------------------------------------

--
-- Table structure for table `academic_institute`
--

CREATE TABLE `academic_institute` (
  `id` int(11) NOT NULL,
  `institute_name` varchar(255) NOT NULL,
  `institute_status` enum('Y','N') NOT NULL DEFAULT 'Y'
) ENGINE=InnoDB DEFAULT CHARSET=latin1;

--
-- Dumping data for table `academic_institute`
--

INSERT INTO `academic_institute` (`id`, `institute_name`, `institute_status`) VALUES
(1, 'Adamas University', 'Y'),
(2, 'Aliah University', 'Y'),
(3, 'Amity University Kolkata', 'Y'),
(4, 'Bankura University', 'Y'),
(5, 'Bengal Engineering & Science University', 'Y'),
(6, 'Bidhan Chandra Krishi Viswavidyalaya', 'Y'),
(7, 'Brainware University', 'Y'),
(8, 'University of Calcutta', 'Y'),
(9, 'University of Burdwan', 'Y'),
(10, 'University of Gour Banga', 'Y'),
(11, 'Diamond Harbour Women''s University', 'Y'),
(12, 'Indian Institute of Science Education and Research, Kolkata', 'Y'),
(13, 'Jadavpur University', 'Y'),
(14, 'University of Kalyani', 'Y'),
(15, 'Maulana Abul Kalam Azad University of Technology', 'Y'),
(16, 'Netaji Subhas Open University', 'Y'),
(17, 'Presidency University', 'Y'),
(18, 'Rabindra Bharati University', 'Y'),
(19, 'Ramakrishna Mission Vivekananda University', 'Y'),
(20, 'Techno India University', 'Y'),
(21, 'University of Engineering & Management (UEM), Kolkata', 'Y'),
(22, 'Vidyasagar University', 'Y'),
(23, 'West Bengal State University', 'Y'),
(24, 'St. Xavier''s University, Kolkata', 'Y'),
(25, 'Symbiosis International University', 'Y'),
(26, 'CBSE', 'Y'),
(27, 'ICSE', 'Y'),
(28, 'WBBSE', 'Y'),
(29, 'WBCHSE', 'Y'),
(30, 'WBBME (Madrasha Board)', 'Y'),
(31, 'Nexas', 'Y');

-- --------------------------------------------------------

--
-- Table structure for table `academic_qualification`
--

CREATE TABLE `academic_qualification` (
  `id` int(11) NOT NULL,
  `qualification_name` varchar(30) NOT NULL,
  `qualification_status` enum('Y','N') NOT NULL DEFAULT 'Y'
) ENGINE=InnoDB DEFAULT CHARSET=latin1;

--
-- Dumping data for table `academic_qualification`
--

INSERT INTO `academic_qualification` (`id`, `qualification_name`, `qualification_status`) VALUES
(1, '10th', 'Y'),
(2, '12th', 'Y'),
(3, 'Diploma', 'Y'),
(4, 'Graduation', 'Y'),
(5, 'Post Graduation', 'Y'),
(6, 'Doctorate', 'Y');

-- --------------------------------------------------------

--
-- Table structure for table `academic_specialization`
--

CREATE TABLE `academic_specialization` (
  `id` int(11) NOT NULL,
  `specialization_name` varchar(100) NOT NULL,
  `specialization_status` enum('Y','N') NOT NULL DEFAULT 'Y'
) ENGINE=InnoDB DEFAULT CHARSET=latin1;

--
-- Dumping data for table `academic_specialization`
--

INSERT INTO `academic_specialization` (`id`, `specialization_name`, `specialization_status`) VALUES
(1, 'Aerospace Engineering', 'Y'),
(2, 'Agriculture & Food Engineering', 'Y'),
(3, 'Automobile Engineering', 'Y'),
(4, 'Biotechnology Engineering', 'Y'),
(5, 'Ceramic Engineering', 'Y'),
(6, 'Chemical Engineering', 'Y'),
(7, 'Civil Engineering', 'Y'),
(8, 'Computer Science Engineering', 'Y'),
(9, 'Electrical Engineering', 'Y'),
(10, 'Electronics Engineering', 'Y'),
(11, 'Engineering Physics', 'Y'),
(12, 'Environmental Engineering', 'Y'),
(13, 'Industrial and Production Engineering', 'Y'),
(14, 'Industrial Engineering', 'Y'),
(15, 'Information Technology Engineering', 'Y'),
(16, 'Instrumentation Engineering', 'Y'),
(17, 'Marine Engineering', 'Y'),
(18, 'Mechanical Engineering', 'Y'),
(19, 'Metallurgical Engineering', 'Y'),
(21, 'Naval Architecture and Ocean Engineering', 'Y'),
(22, 'Petroleum Engineering', 'Y'),
(23, 'Textile Engineering', 'Y'),
(24, 'Marketing', 'Y'),
(25, 'Human Resources', 'Y'),
(26, 'Information Systems', 'Y'),
(27, 'Consulting', 'Y'),
(28, 'Entrepreneurship', 'Y'),
(29, 'Operations Management', 'Y'),
(30, 'GIS - Geographical Information System', 'Y'),
(31, 'GIS & Remote Sensing', 'Y'),
(32, 'Mining Engineering', 'Y'),
(33, 'Arts', 'Y'),
(34, 'Science', 'Y'),
(35, 'Commerce', 'Y'),
(36, 'General Subjects', 'Y'),
(37, 'General Science and Others', 'Y'),
(38, 'General Arts and Others', 'Y'),
(39, 'General Commerce and Others', 'Y'),
(40, '10th Standard Subjects', 'Y'),
(41, 'Not Applicable', 'Y'),
(42, 'English', 'Y');

-- --------------------------------------------------------

--
-- Table structure for table `activity_actions`
--

CREATE TABLE `activity_actions` (
  `id` int(11) NOT NULL,
  `activity_action_name` varchar(128) DEFAULT NULL
) ENGINE=InnoDB DEFAULT CHARSET=latin1;

--
-- Dumping data for table `activity_actions`
--

INSERT INTO `activity_actions` (`id`, `activity_action_name`) VALUES
(1, 'send friend request'),
(2, 'registration'),
(3, 'like'),
(4, 'comment'),
(5, 'post'),
(6, 'unfriend'),
(7, 'follow'),
(8, 'unfollow'),
(9, 'purchase'),
(10, 'viewed profile');

-- --------------------------------------------------------

--
-- Table structure for table `activity_object_types`
--

CREATE TABLE `activity_object_types` (
  `id` int(11) NOT NULL,
  `activity_object_type_name` varchar(128) DEFAULT NULL
) ENGINE=InnoDB DEFAULT CHARSET=latin1;

--
-- Dumping data for table `activity_object_types`
--

INSERT INTO `activity_object_types` (`id`, `activity_object_type_name`) VALUES
(1, 'users'),
(2, 'products'),
(3, 'photos'),
(4, 'posts'),
(5, 'comments'),
(6, 'albums');

-- --------------------------------------------------------

--
-- Table structure for table `activity_streams`
--

CREATE TABLE `activity_streams` (
  `id` int(11) NOT NULL,
  `user_id` int(11) DEFAULT NULL,
  `activity_action_id` int(11) DEFAULT NULL,
  `activity_object_type_id` int(11) DEFAULT NULL,
  `activity_object_id` int(11) DEFAULT NULL,
  `activity_stream_date` datetime DEFAULT CURRENT_TIMESTAMP,
  `activity_stream_read` enum('Y','N') NOT NULL DEFAULT 'N'
) ENGINE=InnoDB DEFAULT CHARSET=latin1;

-- --------------------------------------------------------

--
-- Table structure for table `banks`
--

CREATE TABLE `banks` (
  `id` int(11) NOT NULL,
  `bank_name` varchar(100) DEFAULT NULL,
  `bank_status` enum('Y','N') NOT NULL DEFAULT 'Y'
) ENGINE=InnoDB DEFAULT CHARSET=latin1;

--
-- Dumping data for table `banks`
--

INSERT INTO `banks` (`id`, `bank_name`, `bank_status`) VALUES
(1, 'Allahabad Bank', 'Y'),
(2, 'Andhra Bank', 'Y'),
(3, 'Axis Bank', 'Y'),
(4, 'Bank of Baroda - Retail Banking', 'Y'),
(5, 'HDFC Bank', 'Y'),
(6, 'ICICI Bank', 'Y'),
(7, 'State Bank of India', 'Y'),
(8, 'IDBI Bank', 'Y'),
(9, 'State Bank of Bikaner & Jaipur', 'Y'),
(10, 'Union Bank of India', 'Y'),
(11, 'United Bank of India', ''),
(12, 'Vijaya Bank', 'Y'),
(13, 'Yes Bank Ltd', 'Y'),
(14, 'Citi Bank', 'Y'),
(15, 'Punjab & Sind Bank', 'Y'),
(16, 'South Indian Bank', 'Y');

-- --------------------------------------------------------

--
-- Table structure for table `categories`
--

CREATE TABLE `categories` (
  `id` int(11) NOT NULL,
  `category_name` varchar(255) NOT NULL,
  `category_parent` int(11) DEFAULT NULL,
  `category_status` enum('Y','N') NOT NULL DEFAULT 'Y',
  `category_archived` enum('N','Y') NOT NULL DEFAULT 'N'
) ENGINE=InnoDB DEFAULT CHARSET=latin1;

--
-- Dumping data for table `categories`
--

INSERT INTO `categories` (`id`, `category_name`, `category_parent`, `category_status`, `category_archived`) VALUES
(1, 'Mobile', NULL, 'Y', 'N');

-- --------------------------------------------------------

--
-- Table structure for table `ci_sessions`
--

CREATE TABLE `ci_sessions` (
  `id` varchar(40) NOT NULL,
  `ip_address` varchar(45) NOT NULL,
  `timestamp` int(10) UNSIGNED NOT NULL DEFAULT '0',
  `data` blob NOT NULL
) ENGINE=InnoDB DEFAULT CHARSET=latin1;

--
-- Dumping data for table `ci_sessions`
--

INSERT INTO `ci_sessions` (`id`, `ip_address`, `timestamp`, `data`) VALUES
('067oc5h9gomoct0a1gv57hrjebpe7vm6', '::1', 1556449820, 0x5f5f63695f6c6173745f726567656e65726174657c693a313535363434393638353b736573735f706f73745f6c6f67696e5f72656469726563745f75726c7c733a34363a22687474703a2f2f6c6f63616c686f73742f63692d64656d6f2d6170702f73686f702f696e69745f7061796d656e74223b666c6173685f6d6573736167657c733a33383a22596f752068617665206265656e206c6f67676564206f7574207375636365737366756c6c792e223b5f5f63695f766172737c613a323a7b733a31333a22666c6173685f6d657373616765223b733a333a226f6c64223b733a31373a22666c6173685f6d6573736167655f637373223b733a333a226f6c64223b7d666c6173685f6d6573736167655f6373737c733a31333a22616c6572742d73756363657373223b),
('0a7iirmp8m57vilt4p736cgrbqjtabck', '::1', 1556447996, 0x5f5f63695f6c6173745f726567656e65726174657c693a313535363434373733333b736573735f706f73745f6c6f67696e5f72656469726563745f75726c7c733a34363a22687474703a2f2f6c6f63616c686f73742f63692d64656d6f2d6170702f73686f702f696e69745f7061796d656e74223b636172745f636f6e74656e74737c613a333a7b733a31303a22636172745f746f74616c223b643a33303030303b733a31313a22746f74616c5f6974656d73223b643a333b733a33323a223433396631663666313634353831393264383161316262373661643365333635223b613a373a7b733a323a226964223b733a313a2231223b733a333a22717479223b643a333b733a353a227072696365223b643a31303030303b733a343a226e616d65223b733a31343a224e6f6b696120362e3120506c7573223b733a373a226f7074696f6e73223b613a323a7b733a31333a2263617465676f72795f6e616d65223b733a363a224d6f62696c65223b733a31333a2270726f647563745f696d616765223b733a383a2270726f642e706e67223b7d733a353a22726f776964223b733a33323a223433396631663666313634353831393264383161316262373661643365333635223b733a383a22737562746f74616c223b643a33303030303b7d7d),
('0oklb5mh5f5mf2ad6snosletftojl4s4', '::1', 1556446097, 0x5f5f63695f6c6173745f726567656e65726174657c693a313535363434363031373b736573735f706f73745f6c6f67696e5f72656469726563745f75726c7c733a34303a22687474703a2f2f6c6f63616c686f73742f63692d64656d6f2d6170702f757365722f70656f706c65223b636172745f636f6e74656e74737c613a333a7b733a31303a22636172745f746f74616c223b643a33303030303b733a31313a22746f74616c5f6974656d73223b643a333b733a33323a223433396631663666313634353831393264383161316262373661643365333635223b613a373a7b733a323a226964223b733a313a2231223b733a333a22717479223b643a333b733a353a227072696365223b643a31303030303b733a343a226e616d65223b733a31343a224e6f6b696120362e3120506c7573223b733a373a226f7074696f6e73223b613a323a7b733a31333a2263617465676f72795f6e616d65223b733a363a224d6f62696c65223b733a31333a2270726f647563745f696d616765223b733a383a2270726f642e706e67223b7d733a353a22726f776964223b733a33323a223433396631663666313634353831393264383161316262373661643365333635223b733a383a22737562746f74616c223b643a33303030303b7d7d),
('2960h7a9ei0m99mrn9d1rvolpjvcqtef', '::1', 1556464350, 0x5f5f63695f6c6173745f726567656e65726174657c693a313535363436343035373b636172745f636f6e74656e74737c613a333a7b733a31303a22636172745f746f74616c223b643a31303030303b733a31313a22746f74616c5f6974656d73223b643a313b733a33323a223433396631663666313634353831393264383161316262373661643365333635223b613a373a7b733a323a226964223b733a313a2231223b733a333a22717479223b643a313b733a353a227072696365223b643a31303030303b733a343a226e616d65223b733a31343a224e6f6b696120362e3120506c7573223b733a373a226f7074696f6e73223b613a323a7b733a31333a2263617465676f72795f6e616d65223b733a363a224d6f62696c65223b733a31333a2270726f647563745f696d616765223b733a383a2270726f642e706e67223b7d733a353a22726f776964223b733a33323a223433396631663666313634353831393264383161316262373661643365333635223b733a383a22737562746f74616c223b643a31303030303b7d7d736573735f706f73745f6c6f67696e5f72656469726563745f75726c7c733a35323a22687474703a2f2f6c6f63616c686f73742f63692d64656d6f2d6170702f61646d696e2f636d732f6d616e6167655f62616e6e6572223b736573735f757365727c613a31303a7b733a323a226964223b733a313a2233223b733a393a22757365725f726f6c65223b733a313a2231223b733a31343a22757365725f726f6c655f6e616d65223b733a31313a2253757065722041646d696e223b733a31303a22757365725f7469746c65223b733a333a224d722e223b733a31343a22757365725f66697273746e616d65223b733a363a225361696b6174223b733a31333a22757365725f6c6173746e616d65223b733a393a224d6168617061747261223b733a31303a22757365725f656d61696c223b733a31393a2277656275696465767340676d61696c2e636f6d223b733a31363a22757365725f70726f66696c655f706963223b4e3b733a31313a22757365725f656d705f6964223b733a343a2230303030223b733a32303a22757365725f6c6f67696e5f646174655f74696d65223b733a31393a22323031392d30342d32382030383a33373a3430223b7d),
('2dums4hnupuu7lpqk9gseugsjckijdq3', '::1', 1556446882, 0x5f5f63695f6c6173745f726567656e65726174657c693a313535363434363636343b736573735f706f73745f6c6f67696e5f72656469726563745f75726c7c733a34363a22687474703a2f2f6c6f63616c686f73742f63692d64656d6f2d6170702f73686f702f696e69745f7061796d656e74223b636172745f636f6e74656e74737c613a333a7b733a31303a22636172745f746f74616c223b643a33303030303b733a31313a22746f74616c5f6974656d73223b643a333b733a33323a223433396631663666313634353831393264383161316262373661643365333635223b613a373a7b733a323a226964223b733a313a2231223b733a333a22717479223b643a333b733a353a227072696365223b643a31303030303b733a343a226e616d65223b733a31343a224e6f6b696120362e3120506c7573223b733a373a226f7074696f6e73223b613a323a7b733a31333a2263617465676f72795f6e616d65223b733a363a224d6f62696c65223b733a31333a2270726f647563745f696d616765223b733a383a2270726f642e706e67223b7d733a353a22726f776964223b733a33323a223433396631663666313634353831393264383161316262373661643365333635223b733a383a22737562746f74616c223b643a33303030303b7d7d736573735f757365727c613a31303a7b733a323a226964223b733a313a2233223b733a393a22757365725f726f6c65223b733a313a2231223b733a31343a22757365725f726f6c655f6e616d65223b733a31313a2253757065722041646d696e223b733a31303a22757365725f7469746c65223b733a333a224d722e223b733a31343a22757365725f66697273746e616d65223b733a363a225361696b6174223b733a31333a22757365725f6c6173746e616d65223b733a393a224d6168617061747261223b733a31303a22757365725f656d61696c223b733a31393a2277656275696465767340676d61696c2e636f6d223b733a31363a22757365725f70726f66696c655f706963223b4e3b733a31313a22757365725f656d705f6964223b733a343a2230303030223b733a32303a22757365725f6c6f67696e5f646174655f74696d65223b733a31393a22323031392d30342d32382030333a34333a3037223b7d),
('3g1snm0861hpniiv3uq2q7dk2fu1ves1', '::1', 1556443388, 0x5f5f63695f6c6173745f726567656e65726174657c693a313535363434333039323b736573735f757365727c613a31303a7b733a323a226964223b733a313a2233223b733a393a22757365725f726f6c65223b733a313a2231223b733a31343a22757365725f726f6c655f6e616d65223b733a31313a2253757065722041646d696e223b733a31303a22757365725f7469746c65223b733a333a224d722e223b733a31343a22757365725f66697273746e616d65223b733a363a225361696b6174223b733a31333a22757365725f6c6173746e616d65223b733a393a224d6168617061747261223b733a31303a22757365725f656d61696c223b733a31393a2277656275696465767340676d61696c2e636f6d223b733a31363a22757365725f70726f66696c655f706963223b4e3b733a31313a22757365725f656d705f6964223b733a343a2230303030223b733a32303a22757365725f6c6f67696e5f646174655f74696d65223b733a31393a22323031392d30342d32382030323a34353a3038223b7d666c6173685f6d6573736167657c733a33363a2246696c6520686173206265656e2075706c6f61646564207375636365737366756c6c792e223b5f5f63695f766172737c613a323a7b733a31333a22666c6173685f6d657373616765223b733a333a226f6c64223b733a31373a22666c6173685f6d6573736167655f637373223b733a333a226f6c64223b7d666c6173685f6d6573736167655f6373737c733a31333a22616c6572742d73756363657373223b),
('3ktc0b2obioa3nfjm04hj91mvojhfgq7', '::1', 1556444563, 0x5f5f63695f6c6173745f726567656e65726174657c693a313535363434343238363b),
('3nd7ja6lcqi0ifnt6617rlldag6o77r1', '::1', 1556449681, 0x5f5f63695f6c6173745f726567656e65726174657c693a313535363434393338323b736573735f706f73745f6c6f67696e5f72656469726563745f75726c7c733a34363a22687474703a2f2f6c6f63616c686f73742f63692d64656d6f2d6170702f73686f702f696e69745f7061796d656e74223b736573735f757365727c613a31303a7b733a323a226964223b733a313a2233223b733a393a22757365725f726f6c65223b733a313a2231223b733a31343a22757365725f726f6c655f6e616d65223b733a31313a2253757065722041646d696e223b733a31303a22757365725f7469746c65223b733a333a224d722e223b733a31343a22757365725f66697273746e616d65223b733a363a225361696b6174223b733a31333a22757365725f6c6173746e616d65223b733a393a224d6168617061747261223b733a31303a22757365725f656d61696c223b733a31393a2277656275696465767340676d61696c2e636f6d223b733a31363a22757365725f70726f66696c655f706963223b4e3b733a31313a22757365725f656d705f6964223b733a343a2230303030223b733a32303a22757365725f6c6f67696e5f646174655f74696d65223b733a31393a22323031392d30342d32382030343a32343a3434223b7d666c6173685f6d6573736167657c733a32363a22446174612055706461746564205375636365737366756c6c792e223b5f5f63695f766172737c613a323a7b733a31333a22666c6173685f6d657373616765223b733a333a226f6c64223b733a31373a22666c6173685f6d6573736167655f637373223b733a333a226f6c64223b7d666c6173685f6d6573736167655f6373737c733a31333a22616c6572742d73756363657373223b),
('5k03jgdh4okaeppdiht039v3oc4431iu', '::1', 1556445563, 0x5f5f63695f6c6173745f726567656e65726174657c693a313535363434353236353b636172745f636f6e74656e74737c613a333a7b733a31303a22636172745f746f74616c223b643a34303030303b733a31313a22746f74616c5f6974656d73223b643a343b733a33323a223433396631663666313634353831393264383161316262373661643365333635223b613a373a7b733a323a226964223b733a313a2231223b733a333a22717479223b643a343b733a353a227072696365223b643a31303030303b733a343a226e616d65223b733a31343a224e6f6b696120362e3120506c7573223b733a373a226f7074696f6e73223b613a323a7b733a31333a2263617465676f72795f6e616d65223b733a363a224d6f62696c65223b733a31333a2270726f647563745f696d616765223b733a383a2270726f642e706e67223b7d733a353a22726f776964223b733a33323a223433396631663666313634353831393264383161316262373661643365333635223b733a383a22737562746f74616c223b643a34303030303b7d7d666c6173685f6d6573736167657c733a33333a224974656d20686173206265656e20616464656420746f20796f757220636172742e223b5f5f63695f766172737c613a323a7b733a31333a22666c6173685f6d657373616765223b733a333a226f6c64223b733a31373a22666c6173685f6d6573736167655f637373223b733a333a226f6c64223b7d666c6173685f6d6573736167655f6373737c733a31333a22616c6572742d73756363657373223b),
('5loljkd8amvnunphje7rg1q45i8usi47', '::1', 1556465532, 0x5f5f63695f6c6173745f726567656e65726174657c693a313535363436353233333b636172745f636f6e74656e74737c613a333a7b733a31303a22636172745f746f74616c223b643a31303030303b733a31313a22746f74616c5f6974656d73223b643a313b733a33323a223433396631663666313634353831393264383161316262373661643365333635223b613a373a7b733a323a226964223b733a313a2231223b733a333a22717479223b643a313b733a353a227072696365223b643a31303030303b733a343a226e616d65223b733a31343a224e6f6b696120362e3120506c7573223b733a373a226f7074696f6e73223b613a323a7b733a31333a2263617465676f72795f6e616d65223b733a363a224d6f62696c65223b733a31333a2270726f647563745f696d616765223b733a383a2270726f642e706e67223b7d733a353a22726f776964223b733a33323a223433396631663666313634353831393264383161316262373661643365333635223b733a383a22737562746f74616c223b643a31303030303b7d7d736573735f706f73745f6c6f67696e5f72656469726563745f75726c7c733a35323a22687474703a2f2f6c6f63616c686f73742f63692d64656d6f2d6170702f61646d696e2f636d732f6d616e6167655f62616e6e6572223b736573735f757365727c613a31303a7b733a323a226964223b733a313a2233223b733a393a22757365725f726f6c65223b733a313a2231223b733a31343a22757365725f726f6c655f6e616d65223b733a31313a2253757065722041646d696e223b733a31303a22757365725f7469746c65223b733a333a224d722e223b733a31343a22757365725f66697273746e616d65223b733a363a225361696b6174223b733a31333a22757365725f6c6173746e616d65223b733a393a224d6168617061747261223b733a31303a22757365725f656d61696c223b733a31393a2277656275696465767340676d61696c2e636f6d223b733a31363a22757365725f70726f66696c655f706963223b4e3b733a31313a22757365725f656d705f6964223b733a343a2230303030223b733a32303a22757365725f6c6f67696e5f646174655f74696d65223b733a31393a22323031392d30342d32382030383a33373a3430223b7d),
('8an0q2tmubqnv8jebgiuakngauen7sb0', '::1', 1556463119, 0x5f5f63695f6c6173745f726567656e65726174657c693a313535363436323832313b636172745f636f6e74656e74737c613a333a7b733a31303a22636172745f746f74616c223b643a31303030303b733a31313a22746f74616c5f6974656d73223b643a313b733a33323a223433396631663666313634353831393264383161316262373661643365333635223b613a373a7b733a323a226964223b733a313a2231223b733a333a22717479223b643a313b733a353a227072696365223b643a31303030303b733a343a226e616d65223b733a31343a224e6f6b696120362e3120506c7573223b733a373a226f7074696f6e73223b613a323a7b733a31333a2263617465676f72795f6e616d65223b733a363a224d6f62696c65223b733a31333a2270726f647563745f696d616765223b733a383a2270726f642e706e67223b7d733a353a22726f776964223b733a33323a223433396631663666313634353831393264383161316262373661643365333635223b733a383a22737562746f74616c223b643a31303030303b7d7d736573735f757365727c613a31303a7b733a323a226964223b733a313a2233223b733a393a22757365725f726f6c65223b733a313a2231223b733a31343a22757365725f726f6c655f6e616d65223b733a31313a2253757065722041646d696e223b733a31303a22757365725f7469746c65223b733a333a224d722e223b733a31343a22757365725f66697273746e616d65223b733a363a225361696b6174223b733a31333a22757365725f6c6173746e616d65223b733a393a224d6168617061747261223b733a31303a22757365725f656d61696c223b733a31393a2277656275696465767340676d61696c2e636f6d223b733a31363a22757365725f70726f66696c655f706963223b4e3b733a31313a22757365725f656d705f6964223b733a343a2230303030223b733a32303a22757365725f6c6f67696e5f646174655f74696d65223b733a31393a22323031392d30342d32382030343a32393a3437223b7d),
('90pnqikh23clsd9fftbh2nhivh8rjcmj', '::1', 1556467966, 0x5f5f63695f6c6173745f726567656e65726174657c693a313535363436373936353b636172745f636f6e74656e74737c613a333a7b733a31303a22636172745f746f74616c223b643a31303030303b733a31313a22746f74616c5f6974656d73223b643a313b733a33323a223433396631663666313634353831393264383161316262373661643365333635223b613a373a7b733a323a226964223b733a313a2231223b733a333a22717479223b643a313b733a353a227072696365223b643a31303030303b733a343a226e616d65223b733a31343a224e6f6b696120362e3120506c7573223b733a373a226f7074696f6e73223b613a323a7b733a31333a2263617465676f72795f6e616d65223b733a363a224d6f62696c65223b733a31333a2270726f647563745f696d616765223b733a383a2270726f642e706e67223b7d733a353a22726f776964223b733a33323a223433396631663666313634353831393264383161316262373661643365333635223b733a383a22737562746f74616c223b643a31303030303b7d7d736573735f706f73745f6c6f67696e5f72656469726563745f75726c7c733a34363a22687474703a2f2f6c6f63616c686f73742f63692d64656d6f2d6170702f61646d696e2f757365722f6d616e616765223b),
('98s6m6n0evhb2pgv7dmvmg890qbaghii', '::1', 1556463724, 0x5f5f63695f6c6173745f726567656e65726174657c693a313535363436333530373b636172745f636f6e74656e74737c613a333a7b733a31303a22636172745f746f74616c223b643a31303030303b733a31313a22746f74616c5f6974656d73223b643a313b733a33323a223433396631663666313634353831393264383161316262373661643365333635223b613a373a7b733a323a226964223b733a313a2231223b733a333a22717479223b643a313b733a353a227072696365223b643a31303030303b733a343a226e616d65223b733a31343a224e6f6b696120362e3120506c7573223b733a373a226f7074696f6e73223b613a323a7b733a31333a2263617465676f72795f6e616d65223b733a363a224d6f62696c65223b733a31333a2270726f647563745f696d616765223b733a383a2270726f642e706e67223b7d733a353a22726f776964223b733a33323a223433396631663666313634353831393264383161316262373661643365333635223b733a383a22737562746f74616c223b643a31303030303b7d7d),
('apej8a43c0eh81i7ip04309pm3ik3dh2', '::1', 1556468241, 0x5f5f63695f6c6173745f726567656e65726174657c693a313535363436373936363b636172745f636f6e74656e74737c613a333a7b733a31303a22636172745f746f74616c223b643a31303030303b733a31313a22746f74616c5f6974656d73223b643a313b733a33323a223433396631663666313634353831393264383161316262373661643365333635223b613a373a7b733a323a226964223b733a313a2231223b733a333a22717479223b643a313b733a353a227072696365223b643a31303030303b733a343a226e616d65223b733a31343a224e6f6b696120362e3120506c7573223b733a373a226f7074696f6e73223b613a323a7b733a31333a2263617465676f72795f6e616d65223b733a363a224d6f62696c65223b733a31333a2270726f647563745f696d616765223b733a383a2270726f642e706e67223b7d733a353a22726f776964223b733a33323a223433396631663666313634353831393264383161316262373661643365333635223b733a383a22737562746f74616c223b643a31303030303b7d7d736573735f706f73745f6c6f67696e5f72656469726563745f75726c7c733a34363a22687474703a2f2f6c6f63616c686f73742f63692d64656d6f2d6170702f61646d696e2f757365722f6d616e616765223b736573735f757365727c613a31303a7b733a323a226964223b733a313a2233223b733a393a22757365725f726f6c65223b733a313a2231223b733a31343a22757365725f726f6c655f6e616d65223b733a31313a2253757065722041646d696e223b733a31303a22757365725f7469746c65223b733a333a224d722e223b733a31343a22757365725f66697273746e616d65223b733a363a225361696b6174223b733a31333a22757365725f6c6173746e616d65223b733a393a224d6168617061747261223b733a31303a22757365725f656d61696c223b733a31393a2277656275696465767340676d61696c2e636f6d223b733a31363a22757365725f70726f66696c655f706963223b4e3b733a31313a22757365725f656d705f6964223b733a343a2230303030223b733a32303a22757365725f6c6f67696e5f646174655f74696d65223b733a31393a22323031392d30342d32382030393a33343a3235223b7d),
('de00uhcglbl4t9rato29kghtf9ce8ruc', '::1', 1556446601, 0x5f5f63695f6c6173745f726567656e65726174657c693a313535363434363335373b736573735f706f73745f6c6f67696e5f72656469726563745f75726c7c733a34363a22687474703a2f2f6c6f63616c686f73742f63692d64656d6f2d6170702f73686f702f696e69745f7061796d656e74223b636172745f636f6e74656e74737c613a333a7b733a31303a22636172745f746f74616c223b643a33303030303b733a31313a22746f74616c5f6974656d73223b643a333b733a33323a223433396631663666313634353831393264383161316262373661643365333635223b613a373a7b733a323a226964223b733a313a2231223b733a333a22717479223b643a333b733a353a227072696365223b643a31303030303b733a343a226e616d65223b733a31343a224e6f6b696120362e3120506c7573223b733a373a226f7074696f6e73223b613a323a7b733a31333a2263617465676f72795f6e616d65223b733a363a224d6f62696c65223b733a31333a2270726f647563745f696d616765223b733a383a2270726f642e706e67223b7d733a353a22726f776964223b733a33323a223433396631663666313634353831393264383161316262373661643365333635223b733a383a22737562746f74616c223b643a33303030303b7d7d736573735f757365727c613a31303a7b733a323a226964223b733a313a2233223b733a393a22757365725f726f6c65223b733a313a2231223b733a31343a22757365725f726f6c655f6e616d65223b733a31313a2253757065722041646d696e223b733a31303a22757365725f7469746c65223b733a333a224d722e223b733a31343a22757365725f66697273746e616d65223b733a363a225361696b6174223b733a31333a22757365725f6c6173746e616d65223b733a393a224d6168617061747261223b733a31303a22757365725f656d61696c223b733a31393a2277656275696465767340676d61696c2e636f6d223b733a31363a22757365725f70726f66696c655f706963223b4e3b733a31313a22757365725f656d705f6964223b733a343a2230303030223b733a32303a22757365725f6c6f67696e5f646174655f74696d65223b733a31393a22323031392d30342d32382030333a34333a3037223b7d),
('dq17ll9r4eh1d8ofc931stgs5bqun8ij', '::1', 1556447243, 0x5f5f63695f6c6173745f726567656e65726174657c693a313535363434373034313b736573735f706f73745f6c6f67696e5f72656469726563745f75726c7c733a34363a22687474703a2f2f6c6f63616c686f73742f63692d64656d6f2d6170702f73686f702f696e69745f7061796d656e74223b636172745f636f6e74656e74737c613a333a7b733a31303a22636172745f746f74616c223b643a33303030303b733a31313a22746f74616c5f6974656d73223b643a333b733a33323a223433396631663666313634353831393264383161316262373661643365333635223b613a373a7b733a323a226964223b733a313a2231223b733a333a22717479223b643a333b733a353a227072696365223b643a31303030303b733a343a226e616d65223b733a31343a224e6f6b696120362e3120506c7573223b733a373a226f7074696f6e73223b613a323a7b733a31333a2263617465676f72795f6e616d65223b733a363a224d6f62696c65223b733a31333a2270726f647563745f696d616765223b733a383a2270726f642e706e67223b7d733a353a22726f776964223b733a33323a223433396631663666313634353831393264383161316262373661643365333635223b733a383a22737562746f74616c223b643a33303030303b7d7d736573735f757365727c613a31303a7b733a323a226964223b733a313a2233223b733a393a22757365725f726f6c65223b733a313a2231223b733a31343a22757365725f726f6c655f6e616d65223b733a31313a2253757065722041646d696e223b733a31303a22757365725f7469746c65223b733a333a224d722e223b733a31343a22757365725f66697273746e616d65223b733a363a225361696b6174223b733a31333a22757365725f6c6173746e616d65223b733a393a224d6168617061747261223b733a31303a22757365725f656d61696c223b733a31393a2277656275696465767340676d61696c2e636f6d223b733a31363a22757365725f70726f66696c655f706963223b4e3b733a31313a22757365725f656d705f6964223b733a343a2230303030223b733a32303a22757365725f6c6f67696e5f646174655f74696d65223b733a31393a22323031392d30342d32382030333a34333a3037223b7d),
('e946gsrmstlq8uedplddbqpr7hss7rnj', '::1', 1556467522, 0x5f5f63695f6c6173745f726567656e65726174657c693a313535363436373436353b636172745f636f6e74656e74737c613a333a7b733a31303a22636172745f746f74616c223b643a31303030303b733a31313a22746f74616c5f6974656d73223b643a313b733a33323a223433396631663666313634353831393264383161316262373661643365333635223b613a373a7b733a323a226964223b733a313a2231223b733a333a22717479223b643a313b733a353a227072696365223b643a31303030303b733a343a226e616d65223b733a31343a224e6f6b696120362e3120506c7573223b733a373a226f7074696f6e73223b613a323a7b733a31333a2263617465676f72795f6e616d65223b733a363a224d6f62696c65223b733a31333a2270726f647563745f696d616765223b733a383a2270726f642e706e67223b7d733a353a22726f776964223b733a33323a223433396631663666313634353831393264383161316262373661643365333635223b733a383a22737562746f74616c223b643a31303030303b7d7d736573735f706f73745f6c6f67696e5f72656469726563745f75726c7c733a34363a22687474703a2f2f6c6f63616c686f73742f63692d64656d6f2d6170702f61646d696e2f757365722f6d616e616765223b),
('eipuqpgahnleb4eugcpbnahk1npojifd', '::1', 1556468387, 0x5f5f63695f6c6173745f726567656e65726174657c693a313535363436383238393b636172745f636f6e74656e74737c613a333a7b733a31303a22636172745f746f74616c223b643a31303030303b733a31313a22746f74616c5f6974656d73223b643a313b733a33323a223433396631663666313634353831393264383161316262373661643365333635223b613a373a7b733a323a226964223b733a313a2231223b733a333a22717479223b643a313b733a353a227072696365223b643a31303030303b733a343a226e616d65223b733a31343a224e6f6b696120362e3120506c7573223b733a373a226f7074696f6e73223b613a323a7b733a31333a2263617465676f72795f6e616d65223b733a363a224d6f62696c65223b733a31333a2270726f647563745f696d616765223b733a383a2270726f642e706e67223b7d733a353a22726f776964223b733a33323a223433396631663666313634353831393264383161316262373661643365333635223b733a383a22737562746f74616c223b643a31303030303b7d7d736573735f706f73745f6c6f67696e5f72656469726563745f75726c7c733a34363a22687474703a2f2f6c6f63616c686f73742f63692d64656d6f2d6170702f61646d696e2f757365722f6d616e616765223b),
('eqr4mnjk758gs983272lgb4p4dd1om3q', '::1', 1556464399, 0x5f5f63695f6c6173745f726567656e65726174657c693a313535363436343337363b636172745f636f6e74656e74737c613a333a7b733a31303a22636172745f746f74616c223b643a31303030303b733a31313a22746f74616c5f6974656d73223b643a313b733a33323a223433396631663666313634353831393264383161316262373661643365333635223b613a373a7b733a323a226964223b733a313a2231223b733a333a22717479223b643a313b733a353a227072696365223b643a31303030303b733a343a226e616d65223b733a31343a224e6f6b696120362e3120506c7573223b733a373a226f7074696f6e73223b613a323a7b733a31333a2263617465676f72795f6e616d65223b733a363a224d6f62696c65223b733a31333a2270726f647563745f696d616765223b733a383a2270726f642e706e67223b7d733a353a22726f776964223b733a33323a223433396631663666313634353831393264383161316262373661643365333635223b733a383a22737562746f74616c223b643a31303030303b7d7d736573735f706f73745f6c6f67696e5f72656469726563745f75726c7c733a35323a22687474703a2f2f6c6f63616c686f73742f63692d64656d6f2d6170702f61646d696e2f636d732f6d616e6167655f62616e6e6572223b736573735f757365727c613a31303a7b733a323a226964223b733a313a2233223b733a393a22757365725f726f6c65223b733a313a2231223b733a31343a22757365725f726f6c655f6e616d65223b733a31313a2253757065722041646d696e223b733a31303a22757365725f7469746c65223b733a333a224d722e223b733a31343a22757365725f66697273746e616d65223b733a363a225361696b6174223b733a31333a22757365725f6c6173746e616d65223b733a393a224d6168617061747261223b733a31303a22757365725f656d61696c223b733a31393a2277656275696465767340676d61696c2e636f6d223b733a31363a22757365725f70726f66696c655f706963223b4e3b733a31313a22757365725f656d705f6964223b733a343a2230303030223b733a32303a22757365725f6c6f67696e5f646174655f74696d65223b733a31393a22323031392d30342d32382030383a33373a3430223b7d),
('itghm1fud1lvkogsn3tr0cecablh2qi1', '::1', 1556449378, 0x5f5f63695f6c6173745f726567656e65726174657c693a313535363434393038303b736573735f706f73745f6c6f67696e5f72656469726563745f75726c7c733a34363a22687474703a2f2f6c6f63616c686f73742f63692d64656d6f2d6170702f73686f702f696e69745f7061796d656e74223b736573735f757365727c613a31303a7b733a323a226964223b733a313a2233223b733a393a22757365725f726f6c65223b733a313a2231223b733a31343a22757365725f726f6c655f6e616d65223b733a31313a2253757065722041646d696e223b733a31303a22757365725f7469746c65223b733a333a224d722e223b733a31343a22757365725f66697273746e616d65223b733a363a225361696b6174223b733a31333a22757365725f6c6173746e616d65223b733a393a224d6168617061747261223b733a31303a22757365725f656d61696c223b733a31393a2277656275696465767340676d61696c2e636f6d223b733a31363a22757365725f70726f66696c655f706963223b4e3b733a31313a22757365725f656d705f6964223b733a343a2230303030223b733a32303a22757365725f6c6f67696e5f646174655f74696d65223b733a31393a22323031392d30342d32382030343a32343a3434223b7d),
('j5nrlh2qu7o4sh5uerm7d0ocnhf4jqd7', '::1', 1556467149, 0x5f5f63695f6c6173745f726567656e65726174657c693a313535363436363835343b636172745f636f6e74656e74737c613a333a7b733a31303a22636172745f746f74616c223b643a31303030303b733a31313a22746f74616c5f6974656d73223b643a313b733a33323a223433396631663666313634353831393264383161316262373661643365333635223b613a373a7b733a323a226964223b733a313a2231223b733a333a22717479223b643a313b733a353a227072696365223b643a31303030303b733a343a226e616d65223b733a31343a224e6f6b696120362e3120506c7573223b733a373a226f7074696f6e73223b613a323a7b733a31333a2263617465676f72795f6e616d65223b733a363a224d6f62696c65223b733a31333a2270726f647563745f696d616765223b733a383a2270726f642e706e67223b7d733a353a22726f776964223b733a33323a223433396631663666313634353831393264383161316262373661643365333635223b733a383a22737562746f74616c223b643a31303030303b7d7d736573735f706f73745f6c6f67696e5f72656469726563745f75726c7c733a34363a22687474703a2f2f6c6f63616c686f73742f63692d64656d6f2d6170702f61646d696e2f757365722f6d616e616765223b736573735f757365727c613a31303a7b733a323a226964223b733a313a2233223b733a393a22757365725f726f6c65223b733a313a2231223b733a31343a22757365725f726f6c655f6e616d65223b733a31313a2253757065722041646d696e223b733a31303a22757365725f7469746c65223b733a333a224d722e223b733a31343a22757365725f66697273746e616d65223b733a363a225361696b6174223b733a31333a22757365725f6c6173746e616d65223b733a393a224d6168617061747261223b733a31303a22757365725f656d61696c223b733a31393a2277656275696465767340676d61696c2e636f6d223b733a31363a22757365725f70726f66696c655f706963223b4e3b733a31313a22757365725f656d705f6964223b733a343a2230303030223b733a32303a22757365725f6c6f67696e5f646174655f74696d65223b733a31393a22323031392d30342d32382030383a34303a3037223b7d),
('k7gqkprvgrkbblfmvhpue3pe1i2f8ulf', '::1', 1556448388, 0x5f5f63695f6c6173745f726567656e65726174657c693a313535363434383336303b736573735f706f73745f6c6f67696e5f72656469726563745f75726c7c733a34363a22687474703a2f2f6c6f63616c686f73742f63692d64656d6f2d6170702f73686f702f696e69745f7061796d656e74223b636172745f636f6e74656e74737c613a333a7b733a31303a22636172745f746f74616c223b643a33303030303b733a31313a22746f74616c5f6974656d73223b643a333b733a33323a223433396631663666313634353831393264383161316262373661643365333635223b613a373a7b733a323a226964223b733a313a2231223b733a333a22717479223b643a333b733a353a227072696365223b643a31303030303b733a343a226e616d65223b733a31343a224e6f6b696120362e3120506c7573223b733a373a226f7074696f6e73223b613a323a7b733a31333a2263617465676f72795f6e616d65223b733a363a224d6f62696c65223b733a31333a2270726f647563745f696d616765223b733a383a2270726f642e706e67223b7d733a353a22726f776964223b733a33323a223433396631663666313634353831393264383161316262373661643365333635223b733a383a22737562746f74616c223b643a33303030303b7d7d736573735f757365727c613a31303a7b733a323a226964223b733a313a2233223b733a393a22757365725f726f6c65223b733a313a2231223b733a31343a22757365725f726f6c655f6e616d65223b733a31313a2253757065722041646d696e223b733a31303a22757365725f7469746c65223b733a333a224d722e223b733a31343a22757365725f66697273746e616d65223b733a363a225361696b6174223b733a31333a22757365725f6c6173746e616d65223b733a393a224d6168617061747261223b733a31303a22757365725f656d61696c223b733a31393a2277656275696465767340676d61696c2e636f6d223b733a31363a22757365725f70726f66696c655f706963223b4e3b733a31313a22757365725f656d705f6964223b733a343a2230303030223b733a32303a22757365725f6c6f67696e5f646174655f74696d65223b733a31393a22323031392d30342d32382030333a34363a3431223b7d),
('kat072ea6v71j0n4jfhhqrkpfr83gsvq', '::1', 1556444196, 0x5f5f63695f6c6173745f726567656e65726174657c693a313535363434333932393b),
('kfj95bjr5a3ihh3u4otqqi0aneapoe8b', '::1', 1556463394, 0x5f5f63695f6c6173745f726567656e65726174657c693a313535363436333137383b636172745f636f6e74656e74737c613a333a7b733a31303a22636172745f746f74616c223b643a31303030303b733a31313a22746f74616c5f6974656d73223b643a313b733a33323a223433396631663666313634353831393264383161316262373661643365333635223b613a373a7b733a323a226964223b733a313a2231223b733a333a22717479223b643a313b733a353a227072696365223b643a31303030303b733a343a226e616d65223b733a31343a224e6f6b696120362e3120506c7573223b733a373a226f7074696f6e73223b613a323a7b733a31333a2263617465676f72795f6e616d65223b733a363a224d6f62696c65223b733a31333a2270726f647563745f696d616765223b733a383a2270726f642e706e67223b7d733a353a22726f776964223b733a33323a223433396631663666313634353831393264383161316262373661643365333635223b733a383a22737562746f74616c223b643a31303030303b7d7d736573735f757365727c613a31303a7b733a323a226964223b733a313a2233223b733a393a22757365725f726f6c65223b733a313a2231223b733a31343a22757365725f726f6c655f6e616d65223b733a31313a2253757065722041646d696e223b733a31303a22757365725f7469746c65223b733a333a224d722e223b733a31343a22757365725f66697273746e616d65223b733a363a225361696b6174223b733a31333a22757365725f6c6173746e616d65223b733a393a224d6168617061747261223b733a31303a22757365725f656d61696c223b733a31393a2277656275696465767340676d61696c2e636f6d223b733a31363a22757365725f70726f66696c655f706963223b4e3b733a31313a22757365725f656d705f6964223b733a343a2230303030223b733a32303a22757365725f6c6f67696e5f646174655f74696d65223b733a31393a22323031392d30342d32382030343a32393a3437223b7d),
('l7appo0tasi20its0jaev8bulkmm69nv', '::1', 1556689101, 0x5f5f63695f6c6173745f726567656e65726174657c693a313535363638383833303b736573735f757365727c613a31303a7b733a323a226964223b733a313a2233223b733a393a22757365725f726f6c65223b733a313a2231223b733a31343a22757365725f726f6c655f6e616d65223b733a31313a2253757065722041646d696e223b733a31303a22757365725f7469746c65223b733a333a224d722e223b733a31343a22757365725f66697273746e616d65223b733a363a225361696b6174223b733a31333a22757365725f6c6173746e616d65223b733a393a224d6168617061747261223b733a31303a22757365725f656d61696c223b733a31393a2277656275696465767340676d61696c2e636f6d223b733a31363a22757365725f70726f66696c655f706963223b4e3b733a31313a22757365725f656d705f6964223b733a343a2230303030223b733a32303a22757365725f6c6f67696e5f646174655f74696d65223b733a31393a22323031392d30352d30312031303a35383a3333223b7d),
('l869sq1vc0re30j346ple2lgd5sv51dh', '::1', 1556462818, 0x5f5f63695f6c6173745f726567656e65726174657c693a313535363436323531393b636172745f636f6e74656e74737c613a333a7b733a31303a22636172745f746f74616c223b643a31303030303b733a31313a22746f74616c5f6974656d73223b643a313b733a33323a223433396631663666313634353831393264383161316262373661643365333635223b613a373a7b733a323a226964223b733a313a2231223b733a333a22717479223b643a313b733a353a227072696365223b643a31303030303b733a343a226e616d65223b733a31343a224e6f6b696120362e3120506c7573223b733a373a226f7074696f6e73223b613a323a7b733a31333a2263617465676f72795f6e616d65223b733a363a224d6f62696c65223b733a31333a2270726f647563745f696d616765223b733a383a2270726f642e706e67223b7d733a353a22726f776964223b733a33323a223433396631663666313634353831393264383161316262373661643365333635223b733a383a22737562746f74616c223b643a31303030303b7d7d736573735f757365727c613a31303a7b733a323a226964223b733a313a2233223b733a393a22757365725f726f6c65223b733a313a2231223b733a31343a22757365725f726f6c655f6e616d65223b733a31313a2253757065722041646d696e223b733a31303a22757365725f7469746c65223b733a333a224d722e223b733a31343a22757365725f66697273746e616d65223b733a363a225361696b6174223b733a31333a22757365725f6c6173746e616d65223b733a393a224d6168617061747261223b733a31303a22757365725f656d61696c223b733a31393a2277656275696465767340676d61696c2e636f6d223b733a31363a22757365725f70726f66696c655f706963223b4e3b733a31313a22757365725f656d705f6964223b733a343a2230303030223b733a32303a22757365725f6c6f67696e5f646174655f74696d65223b733a31393a22323031392d30342d32382030343a32393a3437223b7d),
('li79ek3pbjga7t3sajlr9dbnirq0l9e2', '::1', 1556448313, 0x5f5f63695f6c6173745f726567656e65726174657c693a313535363434383035373b736573735f706f73745f6c6f67696e5f72656469726563745f75726c7c733a34363a22687474703a2f2f6c6f63616c686f73742f63692d64656d6f2d6170702f73686f702f696e69745f7061796d656e74223b636172745f636f6e74656e74737c613a333a7b733a31303a22636172745f746f74616c223b643a33303030303b733a31313a22746f74616c5f6974656d73223b643a333b733a33323a223433396631663666313634353831393264383161316262373661643365333635223b613a373a7b733a323a226964223b733a313a2231223b733a333a22717479223b643a333b733a353a227072696365223b643a31303030303b733a343a226e616d65223b733a31343a224e6f6b696120362e3120506c7573223b733a373a226f7074696f6e73223b613a323a7b733a31333a2263617465676f72795f6e616d65223b733a363a224d6f62696c65223b733a31333a2270726f647563745f696d616765223b733a383a2270726f642e706e67223b7d733a353a22726f776964223b733a33323a223433396631663666313634353831393264383161316262373661643365333635223b733a383a22737562746f74616c223b643a33303030303b7d7d736573735f757365727c613a31303a7b733a323a226964223b733a313a2233223b733a393a22757365725f726f6c65223b733a313a2231223b733a31343a22757365725f726f6c655f6e616d65223b733a31313a2253757065722041646d696e223b733a31303a22757365725f7469746c65223b733a333a224d722e223b733a31343a22757365725f66697273746e616d65223b733a363a225361696b6174223b733a31333a22757365725f6c6173746e616d65223b733a393a224d6168617061747261223b733a31303a22757365725f656d61696c223b733a31393a2277656275696465767340676d61696c2e636f6d223b733a31363a22757365725f70726f66696c655f706963223b4e3b733a31313a22757365725f656d705f6964223b733a343a2230303030223b733a32303a22757365725f6c6f67696e5f646174655f74696d65223b733a31393a22323031392d30342d32382030333a34363a3431223b7d),
('ln7h6t4s22v6rhlg9drm0bknpsrq2l5b', '::1', 1556443610, 0x5f5f63695f6c6173745f726567656e65726174657c693a313535363434333339353b),
('lp64kphr3q96uh8ckn0jh2pkhdfptbno', '::1', 1556465758, 0x5f5f63695f6c6173745f726567656e65726174657c693a313535363436353534343b636172745f636f6e74656e74737c613a333a7b733a31303a22636172745f746f74616c223b643a31303030303b733a31313a22746f74616c5f6974656d73223b643a313b733a33323a223433396631663666313634353831393264383161316262373661643365333635223b613a373a7b733a323a226964223b733a313a2231223b733a333a22717479223b643a313b733a353a227072696365223b643a31303030303b733a343a226e616d65223b733a31343a224e6f6b696120362e3120506c7573223b733a373a226f7074696f6e73223b613a323a7b733a31333a2263617465676f72795f6e616d65223b733a363a224d6f62696c65223b733a31333a2270726f647563745f696d616765223b733a383a2270726f642e706e67223b7d733a353a22726f776964223b733a33323a223433396631663666313634353831393264383161316262373661643365333635223b733a383a22737562746f74616c223b643a31303030303b7d7d736573735f706f73745f6c6f67696e5f72656469726563745f75726c7c733a35323a22687474703a2f2f6c6f63616c686f73742f63692d64656d6f2d6170702f61646d696e2f636d732f6d616e6167655f62616e6e6572223b736573735f757365727c613a31303a7b733a323a226964223b733a313a2233223b733a393a22757365725f726f6c65223b733a313a2231223b733a31343a22757365725f726f6c655f6e616d65223b733a31313a2253757065722041646d696e223b733a31303a22757365725f7469746c65223b733a333a224d722e223b733a31343a22757365725f66697273746e616d65223b733a363a225361696b6174223b733a31333a22757365725f6c6173746e616d65223b733a393a224d6168617061747261223b733a31303a22757365725f656d61696c223b733a31393a2277656275696465767340676d61696c2e636f6d223b733a31363a22757365725f70726f66696c655f706963223b4e3b733a31313a22757365725f656d705f6964223b733a343a2230303030223b733a32303a22757365725f6c6f67696e5f646174655f74696d65223b733a31393a22323031392d30342d32382030383a33373a3430223b7d),
('lvvj00rvekmr5864ucp8pcob9ugj9o3f', '::1', 1556442926, 0x5f5f63695f6c6173745f726567656e65726174657c693a313535363434323637343b),
('p6no85lb9vhlj1debpav1vnb0r2d7900', '::1', 1556445813, 0x5f5f63695f6c6173745f726567656e65726174657c693a313535363434353536383b736573735f706f73745f6c6f67696e5f72656469726563745f75726c7c733a34363a22687474703a2f2f6c6f63616c686f73742f63692d64656d6f2d6170702f73686f702f696e69745f7061796d656e74223b736573735f757365727c613a31303a7b733a323a226964223b733a313a2233223b733a393a22757365725f726f6c65223b733a313a2231223b733a31343a22757365725f726f6c655f6e616d65223b733a31313a2253757065722041646d696e223b733a31303a22757365725f7469746c65223b733a333a224d722e223b733a31343a22757365725f66697273746e616d65223b733a363a225361696b6174223b733a31333a22757365725f6c6173746e616d65223b733a393a224d6168617061747261223b733a31303a22757365725f656d61696c223b733a31393a2277656275696465767340676d61696c2e636f6d223b733a31363a22757365725f70726f66696c655f706963223b4e3b733a31313a22757365725f656d705f6964223b733a343a2230303030223b733a32303a22757365725f6c6f67696e5f646174655f74696d65223b733a31393a22323031392d30342d32382030333a31363a3332223b7d666c6173685f6d6573736167657c733a39363a225468616e6b20796f7521205765206861766520726563656976656420796f7572206f726465722e20596f7572204f72646572204e756d62657220303432383230313931353536343435383132205061796d656e7420446f6e6520285465737429223b5f5f63695f766172737c613a323a7b733a31333a22666c6173685f6d657373616765223b733a333a226f6c64223b733a31373a22666c6173685f6d6573736167655f637373223b733a333a226f6c64223b7d666c6173685f6d6573736167655f6373737c733a31333a22616c6572742d73756363657373223b),
('q5c5p0o4lgffa6l2p1rjhetba2dj57pn', '::1', 1556447729, 0x5f5f63695f6c6173745f726567656e65726174657c693a313535363434373433313b736573735f706f73745f6c6f67696e5f72656469726563745f75726c7c733a34363a22687474703a2f2f6c6f63616c686f73742f63692d64656d6f2d6170702f73686f702f696e69745f7061796d656e74223b636172745f636f6e74656e74737c613a333a7b733a31303a22636172745f746f74616c223b643a33303030303b733a31313a22746f74616c5f6974656d73223b643a333b733a33323a223433396631663666313634353831393264383161316262373661643365333635223b613a373a7b733a323a226964223b733a313a2231223b733a333a22717479223b643a333b733a353a227072696365223b643a31303030303b733a343a226e616d65223b733a31343a224e6f6b696120362e3120506c7573223b733a373a226f7074696f6e73223b613a323a7b733a31333a2263617465676f72795f6e616d65223b733a363a224d6f62696c65223b733a31333a2270726f647563745f696d616765223b733a383a2270726f642e706e67223b7d733a353a22726f776964223b733a33323a223433396631663666313634353831393264383161316262373661643365333635223b733a383a22737562746f74616c223b643a33303030303b7d7d736573735f757365727c613a31303a7b733a323a226964223b733a313a2233223b733a393a22757365725f726f6c65223b733a313a2231223b733a31343a22757365725f726f6c655f6e616d65223b733a31313a2253757065722041646d696e223b733a31303a22757365725f7469746c65223b733a333a224d722e223b733a31343a22757365725f66697273746e616d65223b733a363a225361696b6174223b733a31333a22757365725f6c6173746e616d65223b733a393a224d6168617061747261223b733a31303a22757365725f656d61696c223b733a31393a2277656275696465767340676d61696c2e636f6d223b733a31363a22757365725f70726f66696c655f706963223b4e3b733a31313a22757365725f656d705f6964223b733a343a2230303030223b733a32303a22757365725f6c6f67696e5f646174655f74696d65223b733a31393a22323031392d30342d32382030333a34333a3037223b7d),
('qbn41qpda4hpmf9ng5l0vjbkqiqeu00m', '::1', 1556465191, 0x5f5f63695f6c6173745f726567656e65726174657c693a313535363436343930373b636172745f636f6e74656e74737c613a333a7b733a31303a22636172745f746f74616c223b643a31303030303b733a31313a22746f74616c5f6974656d73223b643a313b733a33323a223433396631663666313634353831393264383161316262373661643365333635223b613a373a7b733a323a226964223b733a313a2231223b733a333a22717479223b643a313b733a353a227072696365223b643a31303030303b733a343a226e616d65223b733a31343a224e6f6b696120362e3120506c7573223b733a373a226f7074696f6e73223b613a323a7b733a31333a2263617465676f72795f6e616d65223b733a363a224d6f62696c65223b733a31333a2270726f647563745f696d616765223b733a383a2270726f642e706e67223b7d733a353a22726f776964223b733a33323a223433396631663666313634353831393264383161316262373661643365333635223b733a383a22737562746f74616c223b643a31303030303b7d7d736573735f706f73745f6c6f67696e5f72656469726563745f75726c7c733a35323a22687474703a2f2f6c6f63616c686f73742f63692d64656d6f2d6170702f61646d696e2f636d732f6d616e6167655f62616e6e6572223b736573735f757365727c613a31303a7b733a323a226964223b733a313a2233223b733a393a22757365725f726f6c65223b733a313a2231223b733a31343a22757365725f726f6c655f6e616d65223b733a31313a2253757065722041646d696e223b733a31303a22757365725f7469746c65223b733a333a224d722e223b733a31343a22757365725f66697273746e616d65223b733a363a225361696b6174223b733a31333a22757365725f6c6173746e616d65223b733a393a224d6168617061747261223b733a31303a22757365725f656d61696c223b733a31393a2277656275696465767340676d61696c2e636f6d223b733a31363a22757365725f70726f66696c655f706963223b4e3b733a31313a22757365725f656d705f6964223b733a343a2230303030223b733a32303a22757365725f6c6f67696e5f646174655f74696d65223b733a31393a22323031392d30342d32382030383a33373a3430223b7d),
('qoeh3va45jhgmobdm3j3d95p3akhp0h3', '::1', 1556449049, 0x5f5f63695f6c6173745f726567656e65726174657c693a313535363434383736333b736573735f706f73745f6c6f67696e5f72656469726563745f75726c7c733a34363a22687474703a2f2f6c6f63616c686f73742f63692d64656d6f2d6170702f73686f702f696e69745f7061796d656e74223b736573735f757365727c613a31303a7b733a323a226964223b733a313a2234223b733a393a22757365725f726f6c65223b733a313a2233223b733a31343a22757365725f726f6c655f6e616d65223b733a343a2255736572223b733a31303a22757365725f7469746c65223b733a333a224d722e223b733a31343a22757365725f66697273746e616d65223b733a343a224a6f686e223b733a31333a22757365725f6c6173746e616d65223b733a333a224d6e79223b733a31303a22757365725f656d61696c223b733a32303a227765627569646576733140676d61696c2e636f6d223b733a31363a22757365725f70726f66696c655f706963223b4e3b733a31313a22757365725f656d705f6964223b733a343a2230303031223b733a32303a22757365725f6c6f67696e5f646174655f74696d65223b733a31393a22323031392d30342d32382030333a31353a3430223b7d),
('ssvptaikocvoebau3h2hc0ak70l7shmj', '::1', 1556688434, 0x5f5f63695f6c6173745f726567656e65726174657c693a313535363638383135333b736573735f757365727c613a31303a7b733a323a226964223b733a313a2234223b733a393a22757365725f726f6c65223b733a313a2233223b733a31343a22757365725f726f6c655f6e616d65223b733a343a2255736572223b733a31303a22757365725f7469746c65223b733a333a224d722e223b733a31343a22757365725f66697273746e616d65223b733a343a224a6f686e223b733a31333a22757365725f6c6173746e616d65223b733a333a224d6e79223b733a31303a22757365725f656d61696c223b733a32303a227765627569646576733140676d61696c2e636f6d223b733a31363a22757365725f70726f66696c655f706963223b4e3b733a31313a22757365725f656d705f6964223b733a343a2230303031223b733a32303a22757365725f6c6f67696e5f646174655f74696d65223b733a31393a22323031392d30342d32382030393a33343a3132223b7d),
('t9ag4ovik8jof3ifo5m3hp3q9q7lb0av', '::1', 1556467461, 0x5f5f63695f6c6173745f726567656e65726174657c693a313535363436373136323b636172745f636f6e74656e74737c613a333a7b733a31303a22636172745f746f74616c223b643a31303030303b733a31313a22746f74616c5f6974656d73223b643a313b733a33323a223433396631663666313634353831393264383161316262373661643365333635223b613a373a7b733a323a226964223b733a313a2231223b733a333a22717479223b643a313b733a353a227072696365223b643a31303030303b733a343a226e616d65223b733a31343a224e6f6b696120362e3120506c7573223b733a373a226f7074696f6e73223b613a323a7b733a31333a2263617465676f72795f6e616d65223b733a363a224d6f62696c65223b733a31333a2270726f647563745f696d616765223b733a383a2270726f642e706e67223b7d733a353a22726f776964223b733a33323a223433396631663666313634353831393264383161316262373661643365333635223b733a383a22737562746f74616c223b643a31303030303b7d7d736573735f706f73745f6c6f67696e5f72656469726563745f75726c7c733a34363a22687474703a2f2f6c6f63616c686f73742f63692d64656d6f2d6170702f61646d696e2f757365722f6d616e616765223b),
('tpde0a3lia877od2aifs21m9ar7solab', '::1', 1556688637, 0x5f5f63695f6c6173745f726567656e65726174657c693a313535363638383437313b736573735f757365727c613a31303a7b733a323a226964223b733a313a2233223b733a393a22757365725f726f6c65223b733a313a2231223b733a31343a22757365725f726f6c655f6e616d65223b733a31313a2253757065722041646d696e223b733a31303a22757365725f7469746c65223b733a333a224d722e223b733a31343a22757365725f66697273746e616d65223b733a363a225361696b6174223b733a31333a22757365725f6c6173746e616d65223b733a393a224d6168617061747261223b733a31303a22757365725f656d61696c223b733a31393a2277656275696465767340676d61696c2e636f6d223b733a31363a22757365725f70726f66696c655f706963223b4e3b733a31313a22757365725f656d705f6964223b733a343a2230303030223b733a32303a22757365725f6c6f67696e5f646174655f74696d65223b733a31393a22323031392d30352d30312031303a35383a3333223b7d),
('vm6kv356no4bqo14acrftgtt2ing5i10', '::1', 1556444876, 0x5f5f63695f6c6173745f726567656e65726174657c693a313535363434343539393b636172745f636f6e74656e74737c613a333a7b733a31303a22636172745f746f74616c223b643a31303030303b733a31313a22746f74616c5f6974656d73223b643a313b733a33323a223433396631663666313634353831393264383161316262373661643365333635223b613a373a7b733a323a226964223b733a313a2231223b733a333a22717479223b643a313b733a353a227072696365223b643a31303030303b733a343a226e616d65223b733a31343a224e6f6b696120362e3120506c7573223b733a373a226f7074696f6e73223b613a323a7b733a31333a2263617465676f72795f6e616d65223b733a363a224d6f62696c65223b733a31333a2270726f647563745f696d616765223b733a383a2270726f642e706e67223b7d733a353a22726f776964223b733a33323a223433396631663666313634353831393264383161316262373661643365333635223b733a383a22737562746f74616c223b643a31303030303b7d7d);

-- --------------------------------------------------------

--
-- Table structure for table `cms`
--

CREATE TABLE `cms` (
  `id` int(11) NOT NULL,
  `pagecontent_type` enum('page','post','review','comment','news','notice','policy') NOT NULL DEFAULT 'page' COMMENT 'page,post,review,comment',
  `pagecontent_user_id` int(11) DEFAULT NULL,
  `pagecontent_title` varchar(200) DEFAULT NULL,
  `pagecontent_text` text,
  `pagecontent_meta_keywords` text,
  `pagecontent_meta_description` text,
  `pagecontent_meta_author` text,
  `pagecontent_display_start_date` date DEFAULT NULL,
  `pagecontent_display_end_date` date DEFAULT NULL,
  `pagecontent_created_on` datetime NOT NULL DEFAULT CURRENT_TIMESTAMP,
  `pagecontent_status` enum('Y','N') NOT NULL DEFAULT 'Y',
  `pagecontent_archived` enum('Y','N') NOT NULL DEFAULT 'N'
) ENGINE=InnoDB DEFAULT CHARSET=latin1;

--
-- Dumping data for table `cms`
--

INSERT INTO `cms` (`id`, `pagecontent_type`, `pagecontent_user_id`, `pagecontent_title`, `pagecontent_text`, `pagecontent_meta_keywords`, `pagecontent_meta_description`, `pagecontent_meta_author`, `pagecontent_display_start_date`, `pagecontent_display_end_date`, `pagecontent_created_on`, `pagecontent_status`, `pagecontent_archived`) VALUES
(1, 'notice', 3, 'We are rolling out some new features', '<p>testThis will add javascript(controller and its all view specific) through controller.<br>\r\n     * @param type $app_js<br>\r\n     * @return strinThis will add javascript(controller and its all view specific) through controller.<br>\r\n     * @param type $app_js<br>\r\n     * @return strinThis will add javascript(controller and its all view specific) through controller.<br>\r\n     * @param type $app_js<br>\r\n     * @return strin</p>\r\n', NULL, NULL, NULL, '1970-01-01', '1970-01-01', '2019-04-20 17:11:27', 'Y', '');

-- --------------------------------------------------------

--
-- Table structure for table `companies`
--

CREATE TABLE `companies` (
  `id` int(11) NOT NULL,
  `company_name` varchar(200) DEFAULT NULL
) ENGINE=InnoDB DEFAULT CHARSET=latin1;

--
-- Dumping data for table `companies`
--

INSERT INTO `companies` (`id`, `company_name`) VALUES
(1, 'ABC Corp, UK'),
(2, 'ABX India Pvt Ltd, Mumbai');

-- --------------------------------------------------------

--
-- Table structure for table `departments`
--

CREATE TABLE `departments` (
  `id` int(11) NOT NULL,
  `department_name` varchar(50) NOT NULL,
  `department_status` enum('Y','N') NOT NULL DEFAULT 'Y'
) ENGINE=InnoDB DEFAULT CHARSET=latin1;

--
-- Dumping data for table `departments`
--

INSERT INTO `departments` (`id`, `department_name`, `department_status`) VALUES
(1, 'IT', 'Y'),
(2, 'BPO', 'Y');

-- --------------------------------------------------------

--
-- Table structure for table `designations`
--

CREATE TABLE `designations` (
  `id` int(11) NOT NULL,
  `designation_name` varchar(50) NOT NULL,
  `designation_status` enum('Y','N') NOT NULL DEFAULT 'Y'
) ENGINE=InnoDB DEFAULT CHARSET=latin1;

--
-- Dumping data for table `designations`
--

INSERT INTO `designations` (`id`, `designation_name`, `designation_status`) VALUES
(1, 'Software Engineer', 'Y'),
(2, 'Programmer', 'Y');

-- --------------------------------------------------------

--
-- Table structure for table `orders`
--

CREATE TABLE `orders` (
  `id` int(11) NOT NULL,
  `order_user_id` varchar(11) DEFAULT NULL,
  `order_no` varchar(50) DEFAULT NULL,
  `order_payment_debit_credit` enum('C','D') NOT NULL DEFAULT 'C',
  `order_tax_amt` double(8,2) DEFAULT NULL,
  `order_coupon_code` varchar(30) DEFAULT NULL,
  `order_discount_amt` double(8,2) DEFAULT NULL,
  `order_total_amt` double(8,2) DEFAULT NULL,
  `order_payment_method` enum('cod','debit_card','credit_card','net_banking') DEFAULT 'debit_card',
  `order_payment_status` enum('pending','completed','cancelled') NOT NULL DEFAULT 'pending',
  `order_payment_trans_id` varchar(100) DEFAULT NULL,
  `order_shipping_name` varchar(30) DEFAULT NULL,
  `order_shipping_phone1` varchar(10) DEFAULT NULL,
  `order_shipping_locality` varchar(100) DEFAULT NULL,
  `order_shipping_zip` varchar(10) DEFAULT NULL,
  `order_shipping_address` varchar(254) DEFAULT NULL,
  `order_shipping_city` varchar(50) DEFAULT NULL,
  `order_shipping_state` varchar(50) DEFAULT NULL,
  `order_shipping_country` varchar(50) DEFAULT NULL,
  `order_shipping_landmark` varchar(100) DEFAULT NULL,
  `order_shipping_phone2` varchar(10) DEFAULT NULL,
  `order_type` enum('ecommerce','test') NOT NULL DEFAULT 'ecommerce',
  `order_status` enum('processing','confirmed','cancelled','returned','cancelled_by_buyer','pending') DEFAULT 'pending',
  `order_datetime` datetime DEFAULT CURRENT_TIMESTAMP,
  `order_archived` enum('Y','N') NOT NULL DEFAULT 'N'
) ENGINE=InnoDB DEFAULT CHARSET=latin1;

--
-- Dumping data for table `orders`
--

INSERT INTO `orders` (`id`, `order_user_id`, `order_no`, `order_payment_debit_credit`, `order_tax_amt`, `order_coupon_code`, `order_discount_amt`, `order_total_amt`, `order_payment_method`, `order_payment_status`, `order_payment_trans_id`, `order_shipping_name`, `order_shipping_phone1`, `order_shipping_locality`, `order_shipping_zip`, `order_shipping_address`, `order_shipping_city`, `order_shipping_state`, `order_shipping_country`, `order_shipping_landmark`, `order_shipping_phone2`, `order_type`, `order_status`, `order_datetime`, `order_archived`) VALUES
(1, '3', '042020191555760634', 'C', NULL, NULL, NULL, 10000.00, 'debit_card', 'pending', '1555760634', NULL, '', 'Kaikhali', '700052', 'Flat No 3/2, Megnha Green Residency, Block A, 3rd Floor, Das Para, Pump House, PO & PS - Airport', 'Kolkata', '28', NULL, '', NULL, 'ecommerce', 'pending', '2019-04-20 17:13:54', 'N'),
(2, '3', '042720191556383494', 'C', NULL, NULL, NULL, 10000.00, 'debit_card', 'pending', '1556383494', NULL, '', 'Kaikhali', '700052', 'Flat No 3/2, Megnha Green Residency, Block A, 3rd Floor, Das Para, Pump House, PO & PS - Airport', 'Kolkata', '28', NULL, '', NULL, 'ecommerce', 'pending', '2019-04-27 22:14:54', 'N'),
(3, '3', '042820191556445747', 'C', NULL, NULL, NULL, 10000.00, 'cod', 'pending', '1556445747', NULL, '', 'Kaikhali', '700052', 'Flat No 3/2, Megnha Green Residency, Block A, 3rd Floor, Das Para, Pump House, PO & PS - Airport', 'Kolkata', '28', NULL, '', NULL, 'ecommerce', 'pending', '2019-04-28 15:32:27', 'N'),
(4, '3', '042820191556445812', 'C', NULL, NULL, NULL, 10000.00, 'cod', 'pending', '1556445812', NULL, '', 'Kaikhali', '700052', 'Flat No 3/2, Megnha Green Residency, Block A, 3rd Floor, Das Para, Pump House, PO & PS - Airport', 'Kolkata', '28', NULL, '', NULL, 'ecommerce', 'pending', '2019-04-28 15:33:32', 'N'),
(5, '3', '042820191556448819', 'C', NULL, NULL, NULL, 10000.00, 'debit_card', 'pending', '1556448819', NULL, '', 'Kaikhali', '700052', 'Flat No 3/2, Megnha Green Residency, Block A, 3rd Floor, Das Para, Pump House, PO & PS - Airport', 'Kolkata', '28', NULL, '', NULL, 'ecommerce', 'pending', '2019-04-28 16:23:39', 'N');

-- --------------------------------------------------------

--
-- Table structure for table `order_details`
--

CREATE TABLE `order_details` (
  `id` int(11) NOT NULL,
  `order_id` int(11) NOT NULL,
  `product_id` int(11) NOT NULL,
  `order_detail_price` double(8,2) NOT NULL,
  `order_detail_quantity` int(5) NOT NULL,
  `order_detail_discount_coupon` varchar(20) DEFAULT NULL,
  `order_detail_discount_amt` double(8,2) NOT NULL,
  `order_detail_delivery_amt` double(8,2) NOT NULL,
  `order_detail_total_amt` double(8,2) NOT NULL,
  `order_detail_status` enum('processing','dispatched','out_for_del','delivered','return_init','return_approved','refund_init','refund_done','cancelled','rejected','dismissed') NOT NULL DEFAULT 'processing',
  `order_detail_updated_by` int(11) DEFAULT NULL,
  `order_detail_updated_on` timestamp NOT NULL DEFAULT CURRENT_TIMESTAMP
) ENGINE=InnoDB DEFAULT CHARSET=latin1;

--
-- Dumping data for table `order_details`
--

INSERT INTO `order_details` (`id`, `order_id`, `product_id`, `order_detail_price`, `order_detail_quantity`, `order_detail_discount_coupon`, `order_detail_discount_amt`, `order_detail_delivery_amt`, `order_detail_total_amt`, `order_detail_status`, `order_detail_updated_by`, `order_detail_updated_on`) VALUES
(1, 1, 1, 10000.00, 1, NULL, 0.00, 0.00, 10000.00, 'rejected', NULL, '2019-04-20 11:43:54'),
(2, 2, 1, 10000.00, 1, NULL, 0.00, 0.00, 10000.00, 'processing', NULL, '2019-04-27 16:44:54'),
(3, 3, 1, 10000.00, 1, NULL, 0.00, 0.00, 10000.00, 'processing', NULL, '2019-04-28 10:02:27'),
(4, 4, 1, 10000.00, 1, NULL, 0.00, 0.00, 10000.00, 'dismissed', NULL, '2019-04-28 10:03:32'),
(5, 5, 1, 10000.00, 1, NULL, 0.00, 0.00, 10000.00, 'processing', NULL, '2019-04-28 10:53:39');

-- --------------------------------------------------------

--
-- Table structure for table `payments`
--

CREATE TABLE `payments` (
  `id` int(11) NOT NULL,
  `user_id` varchar(11) DEFAULT NULL,
  `payment_no` varchar(50) DEFAULT NULL,
  `payment_purpose` enum('order','donation','subscription','test') DEFAULT 'order',
  `payment_date` datetime DEFAULT CURRENT_TIMESTAMP,
  `payment_method` enum('paypal','credit_debit_card','internet_banking','digital_wallet') DEFAULT NULL,
  `payment_total_amount` double(8,2) DEFAULT NULL,
  `payment_pgtransaction_id` varchar(255) DEFAULT NULL,
  `payment_pgpayment_status` varchar(255) NOT NULL,
  `payment_status` enum('error','success','processing','cancelled') DEFAULT NULL,
  `payment_archived` enum('Y','N') NOT NULL DEFAULT 'N'
) ENGINE=InnoDB DEFAULT CHARSET=latin1;

-- --------------------------------------------------------

--
-- Table structure for table `permissions`
--

CREATE TABLE `permissions` (
  `id` int(11) NOT NULL,
  `permission_name` varchar(254) NOT NULL,
  `permission_description` text,
  `permission_active` enum('Y','N') NOT NULL DEFAULT 'Y'
) ENGINE=InnoDB DEFAULT CHARSET=latin1;

--
-- Dumping data for table `permissions`
--

INSERT INTO `permissions` (`id`, `permission_name`, `permission_description`, `permission_active`) VALUES
(1, 'default-super-admin-access', NULL, 'Y'),
(2, 'default-admin-access', NULL, 'Y'),
(3, 'default-user-access', NULL, 'Y'),
(4, 'edit-user-basic-info', NULL, 'Y'),
(5, 'allocate-project', NULL, 'Y'),
(6, 'view-user-address', NULL, 'Y'),
(7, 'view-user-education', NULL, 'Y'),
(8, 'view-user-exp', NULL, 'Y'),
(9, 'view-user-bank', NULL, 'Y');

-- --------------------------------------------------------

--
-- Table structure for table `products`
--

CREATE TABLE `products` (
  `id` int(11) NOT NULL,
  `product_sku` varchar(20) DEFAULT NULL,
  `category_id` int(11) DEFAULT NULL,
  `product_name` varchar(200) DEFAULT NULL,
  `product_description` text,
  `product_length` varchar(10) DEFAULT NULL,
  `product_width` varchar(10) DEFAULT NULL,
  `product_height` varchar(10) DEFAULT NULL,
  `product_weight` varchar(10) DEFAULT NULL,
  `product_size` varchar(10) DEFAULT NULL,
  `product_color` varchar(20) DEFAULT NULL,
  `product_mrp` float(8,2) DEFAULT NULL,
  `product_price` float(8,2) DEFAULT NULL,
  `product_is_featured` enum('Y','N') DEFAULT 'N',
  `product_status` enum('Y','N') DEFAULT 'Y',
  `product_archived` enum('Y','N') NOT NULL DEFAULT 'N'
) ENGINE=InnoDB DEFAULT CHARSET=latin1;

--
-- Dumping data for table `products`
--

INSERT INTO `products` (`id`, `product_sku`, `category_id`, `product_name`, `product_description`, `product_length`, `product_width`, `product_height`, `product_weight`, `product_size`, `product_color`, `product_mrp`, `product_price`, `product_is_featured`, `product_status`, `product_archived`) VALUES
(1, 'E1555760571', 1, 'Nokia 6.1 Plus', '<p>ok</p>\r\n', '', '', '', '', '', '', 10000.00, 10000.00, 'N', 'Y', 'N');

-- --------------------------------------------------------

--
-- Table structure for table `roles`
--

CREATE TABLE `roles` (
  `id` int(11) NOT NULL,
  `role_name` varchar(50) NOT NULL,
  `role_weight` int(3) NOT NULL,
  `role_active` enum('Y','N') NOT NULL DEFAULT 'Y'
) ENGINE=InnoDB DEFAULT CHARSET=latin1;

--
-- Dumping data for table `roles`
--

INSERT INTO `roles` (`id`, `role_name`, `role_weight`, `role_active`) VALUES
(1, 'Super Admin', 100, 'Y'),
(2, 'Admin', 90, 'Y'),
(3, 'User', 80, 'Y');

-- --------------------------------------------------------

--
-- Table structure for table `role_permission`
--

CREATE TABLE `role_permission` (
  `id` int(11) NOT NULL,
  `role_id` int(11) NOT NULL,
  `permission_id` int(11) NOT NULL
) ENGINE=InnoDB DEFAULT CHARSET=latin1;

--
-- Dumping data for table `role_permission`
--

INSERT INTO `role_permission` (`id`, `role_id`, `permission_id`) VALUES
(1, 1, 1),
(2, 2, 2),
(3, 3, 3),
(4, 1, 4),
(5, 1, 5),
(6, 1, 6),
(7, 1, 7),
(8, 1, 8),
(9, 1, 9);

-- --------------------------------------------------------

--
-- Table structure for table `security_questions`
--

CREATE TABLE `security_questions` (
  `id` int(11) NOT NULL,
  `security_question` varchar(255) DEFAULT NULL,
  `security_question_status` enum('Y','N') NOT NULL DEFAULT 'Y',
  `security_question_is_archived` enum('Y','N') NOT NULL DEFAULT 'N'
) ENGINE=InnoDB DEFAULT CHARSET=latin1;

--
-- Dumping data for table `security_questions`
--

INSERT INTO `security_questions` (`id`, `security_question`, `security_question_status`, `security_question_is_archived`) VALUES
(1, 'What is the first name of the person you first kissed?', 'Y', 'N'),
(2, 'What is the last name of the teacher who gave you your first failing grade?', 'Y', 'N'),
(3, 'What was the name of your elementary / primary school?', 'Y', 'N'),
(4, 'What time of the day were you born? (hh:mm)', 'Y', 'N'),
(5, 'Which phone number do you remember most from your childhood?', 'Y', 'N'),
(6, 'What is the name of your favorite pet?', 'Y', 'N'),
(7, 'What high school did you attend?', 'Y', 'N'),
(8, 'What was the make of your first car?', 'Y', 'N'),
(9, 'Which is your favorite web browser?', 'Y', 'N'),
(10, 'Which is your favorite online shopping site?\r\n', 'Y', 'N'),
(11, 'Which is your first branded shoe?', 'Y', 'N');

-- --------------------------------------------------------

--
-- Table structure for table `states`
--

CREATE TABLE `states` (
  `id` int(11) NOT NULL,
  `state_name` varchar(100) DEFAULT NULL,
  `state_status` enum('Y','N') DEFAULT 'Y'
) ENGINE=InnoDB DEFAULT CHARSET=latin1;

--
-- Dumping data for table `states`
--

INSERT INTO `states` (`id`, `state_name`, `state_status`) VALUES
(1, 'Andhra Pradesh', 'Y'),
(2, 'Arunachal Pradesh', 'Y'),
(3, 'Assam', 'Y'),
(4, 'Bihar', 'Y'),
(5, 'Chhattisgarh', 'Y'),
(6, 'Goa', 'Y'),
(7, 'Gujarat', 'Y'),
(8, 'Haryana', 'Y'),
(9, 'Himachal Pradesh', 'Y'),
(10, 'Jammu and Kashmir', 'Y'),
(11, 'Jharkhand', 'Y'),
(12, 'Karnataka', 'Y'),
(13, 'Kerala', 'Y'),
(14, 'Madya Pradesh', 'Y'),
(15, 'Maharashtra', 'Y'),
(16, 'Manipur', 'Y'),
(17, 'Meghalaya', 'Y'),
(18, 'Mizoram', 'Y'),
(19, 'Nagaland', 'Y'),
(20, 'Orissa', 'Y'),
(21, 'Punjab', 'Y'),
(22, 'Rajasthan', 'Y'),
(23, 'Sikkim', 'Y'),
(24, 'Tamil Nadu', 'Y'),
(25, 'Tripura', 'Y'),
(26, 'Uttaranchal', 'Y'),
(27, 'Uttar Pradesh', 'Y'),
(28, 'West Bengal', 'Y'),
(29, 'Andaman and Nicobar Islands', 'Y'),
(30, 'Chandigarh', 'Y'),
(31, 'Dadar and Nagar Haveli', 'Y'),
(32, 'Daman and Diu', 'Y'),
(33, 'Delhi', 'Y'),
(34, 'Lakshadeep', 'Y'),
(35, 'Pondicherry', 'Y');

-- --------------------------------------------------------

--
-- Table structure for table `timesheet`
--

CREATE TABLE `timesheet` (
  `id` int(11) NOT NULL,
  `timesheet_date` date DEFAULT NULL,
  `project_id` int(11) NOT NULL,
  `activity_id` int(11) NOT NULL,
  `timesheet_hours` float(3,2) DEFAULT NULL,
  `timesheet_description` text NOT NULL,
  `timesheet_created_by` int(11) NOT NULL,
  `timesheet_updated_by` int(11) NOT NULL,
  `timesheet_reviewd_by` int(11) NOT NULL,
  `timesheet_review_status` enum('pending','approved','rejected') NOT NULL DEFAULT 'pending',
  `timesheet_status` enum('Y','N') NOT NULL DEFAULT 'Y',
  `timesheet_created_on` datetime DEFAULT CURRENT_TIMESTAMP
) ENGINE=InnoDB DEFAULT CHARSET=latin1;

--
-- Dumping data for table `timesheet`
--

INSERT INTO `timesheet` (`id`, `timesheet_date`, `project_id`, `activity_id`, `timesheet_hours`, `timesheet_description`, `timesheet_created_by`, `timesheet_updated_by`, `timesheet_reviewd_by`, `timesheet_review_status`, `timesheet_status`, `timesheet_created_on`) VALUES
(1, '2019-04-02', 1, 1, 9.00, 'test', 3, 0, 0, 'pending', 'Y', '2019-04-28 21:32:07'),
(2, '2019-04-01', 1, 1, 9.00, 'test', 3, 0, 0, 'pending', 'Y', '2019-04-28 21:32:07'),
(3, '2019-04-03', 1, 1, 9.00, 'test', 3, 0, 0, 'pending', 'Y', '2019-04-28 21:32:07'),
(4, '2019-04-04', 1, 1, 9.00, 'test', 3, 0, 0, 'pending', 'Y', '2019-04-28 21:32:07'),
(5, '2019-04-10', 1, 1, 9.00, 'test', 3, 0, 0, 'pending', 'Y', '2019-04-28 21:32:07'),
(6, '2019-04-17', 1, 1, 9.00, 'test', 3, 0, 0, 'pending', 'Y', '2019-04-28 21:32:07'),
(7, '2019-04-24', 1, 1, 9.00, 'test', 3, 0, 0, 'pending', 'Y', '2019-04-28 21:32:07'),
(8, '2019-04-12', 2, 2, 1.00, 'testing', 3, 0, 0, 'pending', 'Y', '2019-04-28 21:33:01'),
(9, '2019-04-11', 2, 2, 1.00, 'testing', 3, 0, 0, 'pending', 'Y', '2019-04-28 21:33:01'),
(10, '2019-04-18', 2, 2, 1.00, 'testing', 3, 0, 0, 'pending', 'Y', '2019-04-28 21:33:01'),
(11, '2019-04-25', 2, 2, 1.00, 'testing', 3, 0, 0, 'pending', 'Y', '2019-04-28 21:33:01'),
(12, '2019-04-23', 2, 2, 1.00, 'testing', 3, 0, 0, 'pending', 'Y', '2019-04-28 21:33:01'),
(13, '2019-04-22', 2, 2, 1.00, 'testing', 3, 0, 0, 'pending', 'Y', '2019-04-28 21:33:01'),
(14, '2019-04-15', 2, 2, 1.00, 'testing', 3, 0, 0, 'pending', 'Y', '2019-04-28 21:33:01'),
(15, '2019-04-08', 2, 2, 1.00, 'testing', 3, 0, 0, 'pending', 'Y', '2019-04-28 21:33:01'),
(16, '2019-04-09', 2, 2, 1.00, 'testing', 3, 0, 0, 'pending', 'Y', '2019-04-28 21:33:01'),
(17, '2019-04-16', 2, 2, 1.00, 'testing', 3, 0, 0, 'pending', 'Y', '2019-04-28 21:33:01'),
(18, '2019-04-29', 2, 2, 1.00, 'testing', 3, 0, 0, 'pending', 'Y', '2019-04-28 21:33:01'),
(19, '2019-04-30', 2, 2, 1.00, 'testing', 3, 0, 0, 'pending', 'Y', '2019-04-28 21:33:01'),
(20, '2019-04-26', 2, 2, 1.00, 'testing', 3, 0, 0, 'pending', 'Y', '2019-04-28 21:33:01'),
(21, '2019-04-27', 2, 2, 1.00, 'testing', 3, 0, 0, 'pending', 'Y', '2019-04-28 21:33:01'),
(22, '2019-04-19', 2, 2, 1.00, 'testing', 3, 0, 0, 'pending', 'Y', '2019-04-28 21:33:01'),
(23, '2019-04-20', 2, 2, 1.00, 'testing', 3, 0, 0, 'pending', 'Y', '2019-04-28 21:33:01'),
(24, '2019-04-21', 2, 2, 1.00, 'testing', 3, 0, 0, 'pending', 'Y', '2019-04-28 21:33:01'),
(25, '2019-04-28', 2, 2, 1.00, 'testing', 3, 0, 0, 'pending', 'Y', '2019-04-28 21:33:01'),
(26, '2019-04-04', 2, 2, 1.00, 'testing', 3, 0, 0, 'pending', 'Y', '2019-04-28 21:33:01'),
(27, '2019-04-03', 2, 2, 1.00, 'testing', 3, 0, 0, 'pending', 'Y', '2019-04-28 21:33:01'),
(28, '2019-04-02', 2, 2, 1.00, 'testing', 3, 0, 0, 'pending', 'Y', '2019-04-28 21:33:01'),
(29, '2019-04-01', 2, 2, 1.00, 'testing', 3, 0, 0, 'pending', 'Y', '2019-04-28 21:33:01'),
(30, '2019-05-11', 1, 1, 2.00, 'ok', 3, 0, 0, 'pending', 'Y', '2019-05-01 11:04:41');

-- --------------------------------------------------------

--
-- Table structure for table `timesheet_activities`
--

CREATE TABLE `timesheet_activities` (
  `id` int(11) NOT NULL,
  `task_activity_name` varchar(60) NOT NULL,
  `task_activity_status` enum('Y','N') NOT NULL DEFAULT 'Y'
) ENGINE=InnoDB DEFAULT CHARSET=latin1;

--
-- Dumping data for table `timesheet_activities`
--

INSERT INTO `timesheet_activities` (`id`, `task_activity_name`, `task_activity_status`) VALUES
(1, 'Development', 'Y'),
(2, 'Testing', 'Y');

-- --------------------------------------------------------

--
-- Table structure for table `timesheet_projects`
--

CREATE TABLE `timesheet_projects` (
  `id` int(11) NOT NULL,
  `project_name` varchar(100) NOT NULL,
  `project_number` varchar(10) DEFAULT NULL,
  `project_desc` varchar(300) NOT NULL,
  `project_status` enum('Y','N') NOT NULL DEFAULT 'Y'
) ENGINE=InnoDB DEFAULT CHARSET=latin1;

--
-- Dumping data for table `timesheet_projects`
--

INSERT INTO `timesheet_projects` (`id`, `project_name`, `project_number`, `project_desc`, `project_status`) VALUES
(1, 'Project X', '001', '', 'Y'),
(2, 'Project Y', '002', '', 'Y');

-- --------------------------------------------------------

--
-- Table structure for table `uploads`
--

CREATE TABLE `uploads` (
  `id` int(11) NOT NULL,
  `upload_related_to` varchar(50) DEFAULT NULL COMMENT 'related to user, album, product etc',
  `upload_related_to_id` int(11) DEFAULT NULL COMMENT 'user id, album id, product id etc primary key',
  `upload_file_type_name` varchar(50) DEFAULT NULL COMMENT 'user_dp, album_img, product_img',
  `upload_file_name` varchar(254) DEFAULT NULL,
  `upload_file_binary_obj` blob,
  `upload_text_1` text,
  `upload_text_2` text,
  `upload_text_3` text,
  `upload_mime_type` varchar(100) DEFAULT NULL,
  `upload_by_user_id` int(11) DEFAULT NULL,
  `upload_is_featured` enum('Y','N') NOT NULL DEFAULT 'N',
  `upload_status` enum('Y','N') NOT NULL DEFAULT 'Y',
  `upload_datetime` datetime DEFAULT CURRENT_TIMESTAMP,
  `upload_is_verified` char(1) DEFAULT 'N',
  `upload_verified_by` int(11) DEFAULT NULL,
  `upload_verified_on` datetime DEFAULT NULL
) ENGINE=InnoDB DEFAULT CHARSET=latin1;

--
-- Dumping data for table `uploads`
--

INSERT INTO `uploads` (`id`, `upload_related_to`, `upload_related_to_id`, `upload_file_type_name`, `upload_file_name`, `upload_file_binary_obj`, `upload_text_1`, `upload_text_2`, `upload_text_3`, `upload_mime_type`, `upload_by_user_id`, `upload_is_featured`, `upload_status`, `upload_datetime`, `upload_is_verified`, `upload_verified_by`, `upload_verified_on`) VALUES
(6, 'product', 1, 'product_image', '1_product_image_1556463566.jpg', NULL, NULL, NULL, NULL, 'image/jpeg', 3, 'N', 'Y', '2019-04-28 20:29:28', 'N', NULL, NULL);

-- --------------------------------------------------------

--
-- Table structure for table `users`
--

CREATE TABLE `users` (
  `id` int(11) NOT NULL,
  `user_email` varchar(254) NOT NULL,
  `user_email_secondary` varchar(255) DEFAULT NULL,
  `user_password` char(128) NOT NULL,
  `user_title` varchar(10) DEFAULT NULL,
  `user_firstname` varchar(30) DEFAULT NULL,
  `user_midname` varchar(15) DEFAULT NULL,
  `user_lastname` varchar(50) DEFAULT NULL,
  `user_gender` char(1) DEFAULT NULL,
  `user_role` int(11) DEFAULT NULL,
  `user_department` int(11) DEFAULT NULL,
  `user_designation` int(11) DEFAULT NULL,
  `user_bio` text,
  `user_dob` date DEFAULT NULL,
  `user_blood_group` varchar(4) DEFAULT NULL,
  `user_doj` date DEFAULT NULL,
  `user_emp_id` varchar(4) DEFAULT NULL,
  `user_profile_pic` varchar(255) DEFAULT NULL,
  `user_phone1` varchar(15) DEFAULT NULL,
  `user_phone2` varchar(15) DEFAULT NULL,
  `user_registration_date` timestamp NULL DEFAULT CURRENT_TIMESTAMP,
  `user_registration_ip` varchar(40) DEFAULT NULL,
  `user_reset_password_key` char(128) DEFAULT NULL,
  `user_activation_key` char(128) DEFAULT NULL,
  `user_status` enum('Y','N','A') DEFAULT 'N' COMMENT 'Y = active, N = Inactive, A = Archived',
  `user_login_date_time` datetime DEFAULT NULL
) ENGINE=InnoDB DEFAULT CHARSET=latin1;

--
-- Dumping data for table `users`
--

INSERT INTO `users` (`id`, `user_email`, `user_email_secondary`, `user_password`, `user_title`, `user_firstname`, `user_midname`, `user_lastname`, `user_gender`, `user_role`, `user_department`, `user_designation`, `user_bio`, `user_dob`, `user_blood_group`, `user_doj`, `user_emp_id`, `user_profile_pic`, `user_phone1`, `user_phone2`, `user_registration_date`, `user_registration_ip`, `user_reset_password_key`, `user_activation_key`, `user_status`, `user_login_date_time`) VALUES
(3, 'webuidevs@gmail.com', '', 'cc03e747a6afbbcbf8be7668acfebee5', 'Mr.', 'Saikat', NULL, 'Developer', 'M', 1, NULL, NULL, NULL, '2001-01-01', NULL, NULL, '0000', NULL, '9800989999', NULL, '2019-01-06 14:33:20', '::1', '279d5df9ab2a9ba9b70a5196b8ed99dc', '0fed1096273118ac67df4817e6c6dc01', 'Y', '2019-05-01 10:59:24'),
(4, 'webuidevs1@gmail.com', 'a@a.com', 'cc03e747a6afbbcbf8be7668acfebee5', 'Mr.', 'John', NULL, 'Mny', 'M', 3, NULL, NULL, '', '2001-01-01', 'AB+', NULL, '0001', NULL, '9830098300', '', '2019-04-28 09:44:46', '::1', NULL, 'e2b9c602bacb3187ceacf45cfe63997c', 'Y', '2019-05-01 10:57:14'),
(5, 'a@ab.com', 'a@a.com', '67ab2a19cfd9bf8e53efdfff4bba3671', 'Mr.', 'Thomson', NULL, 'Jok', 'M', 3, 0, 0, NULL, '1987-08-17', NULL, '1970-01-01', '0002', NULL, '9800000000', '', '2019-04-28 15:13:09', '::1', NULL, 'b840ac1c04e3ae4510b4bfd9271ba130', 'Y', NULL);

-- --------------------------------------------------------

--
-- Table structure for table `user_academics`
--

CREATE TABLE `user_academics` (
  `id` int(11) NOT NULL,
  `user_id` int(11) DEFAULT NULL,
  `academic_qualification` int(11) DEFAULT NULL,
  `academic_degree` int(11) DEFAULT NULL,
  `academic_from_year` year(4) DEFAULT NULL,
  `academic_to_year` year(4) DEFAULT NULL,
  `academic_institute` int(11) DEFAULT NULL,
  `academic_marks_percentage` float(4,2) DEFAULT NULL,
  `academic_specialization` int(11) DEFAULT NULL
) ENGINE=InnoDB DEFAULT CHARSET=latin1;

-- --------------------------------------------------------

--
-- Table structure for table `user_addresses`
--

CREATE TABLE `user_addresses` (
  `id` int(11) NOT NULL,
  `user_id` int(11) NOT NULL,
  `address_type` enum('S','B','W','C','P','H') DEFAULT 'W',
  `shipping_address_type` enum('H','W') DEFAULT NULL,
  `name` varchar(50) DEFAULT NULL,
  `phone1` varchar(15) DEFAULT NULL,
  `locality` varchar(100) DEFAULT NULL,
  `address` varchar(200) DEFAULT NULL,
  `city` varchar(50) DEFAULT NULL,
  `state` int(11) DEFAULT NULL,
  `zip` varchar(10) DEFAULT NULL,
  `country` varchar(20) DEFAULT NULL,
  `landmark` varchar(100) DEFAULT NULL,
  `phone2` varchar(15) DEFAULT NULL,
  `address_verification_status` enum('P','V','C') NOT NULL DEFAULT 'P'
) ENGINE=InnoDB DEFAULT CHARSET=latin1;

--
-- Dumping data for table `user_addresses`
--

INSERT INTO `user_addresses` (`id`, `user_id`, `address_type`, `shipping_address_type`, `name`, `phone1`, `locality`, `address`, `city`, `state`, `zip`, `country`, `landmark`, `phone2`, `address_verification_status`) VALUES
(1, 3, 'S', NULL, NULL, '', 'Kaikhali', 'Flat No 3/2, Megnha Green Residency, Block A, 3rd Floor, Das Para, Pump House, PO & PS - Airport', 'Kolkata', 28, '700052', NULL, '', NULL, 'P');

-- --------------------------------------------------------

--
-- Table structure for table `user_projects`
--

CREATE TABLE `user_projects` (
  `id` int(11) NOT NULL,
  `user_id` int(11) NOT NULL,
  `project_id` int(11) DEFAULT NULL,
  `created_on` date DEFAULT NULL
) ENGINE=InnoDB DEFAULT CHARSET=latin1;

-- --------------------------------------------------------

--
-- Table structure for table `user_work_exp`
--

CREATE TABLE `user_work_exp` (
  `id` int(11) NOT NULL,
  `user_id` int(11) DEFAULT NULL,
  `company_id` int(11) DEFAULT NULL,
  `from_date` date DEFAULT NULL,
  `to_date` date DEFAULT NULL,
  `designation_id` int(11) DEFAULT NULL,
  `job_description` text
) ENGINE=InnoDB DEFAULT CHARSET=latin1;

--
-- Indexes for dumped tables
--

--
-- Indexes for table `academic_degree`
--
ALTER TABLE `academic_degree`
  ADD PRIMARY KEY (`id`);

--
-- Indexes for table `academic_institute`
--
ALTER TABLE `academic_institute`
  ADD PRIMARY KEY (`id`);

--
-- Indexes for table `academic_qualification`
--
ALTER TABLE `academic_qualification`
  ADD PRIMARY KEY (`id`);

--
-- Indexes for table `academic_specialization`
--
ALTER TABLE `academic_specialization`
  ADD PRIMARY KEY (`id`);

--
-- Indexes for table `activity_actions`
--
ALTER TABLE `activity_actions`
  ADD PRIMARY KEY (`id`);

--
-- Indexes for table `activity_object_types`
--
ALTER TABLE `activity_object_types`
  ADD PRIMARY KEY (`id`);

--
-- Indexes for table `activity_streams`
--
ALTER TABLE `activity_streams`
  ADD PRIMARY KEY (`id`),
  ADD KEY `user_id` (`user_id`),
  ADD KEY `activity_action_id` (`activity_action_id`),
  ADD KEY `activity_object_type_id` (`activity_object_type_id`);

--
-- Indexes for table `banks`
--
ALTER TABLE `banks`
  ADD PRIMARY KEY (`id`);

--
-- Indexes for table `categories`
--
ALTER TABLE `categories`
  ADD PRIMARY KEY (`id`);

--
-- Indexes for table `ci_sessions`
--
ALTER TABLE `ci_sessions`
  ADD PRIMARY KEY (`id`),
  ADD KEY `ci_sessions_timestamp` (`timestamp`);

--
-- Indexes for table `cms`
--
ALTER TABLE `cms`
  ADD PRIMARY KEY (`id`);

--
-- Indexes for table `companies`
--
ALTER TABLE `companies`
  ADD PRIMARY KEY (`id`);

--
-- Indexes for table `departments`
--
ALTER TABLE `departments`
  ADD PRIMARY KEY (`id`);

--
-- Indexes for table `designations`
--
ALTER TABLE `designations`
  ADD PRIMARY KEY (`id`);

--
-- Indexes for table `orders`
--
ALTER TABLE `orders`
  ADD PRIMARY KEY (`id`);

--
-- Indexes for table `order_details`
--
ALTER TABLE `order_details`
  ADD PRIMARY KEY (`id`),
  ADD KEY `order_id` (`order_id`);

--
-- Indexes for table `payments`
--
ALTER TABLE `payments`
  ADD PRIMARY KEY (`id`);

--
-- Indexes for table `permissions`
--
ALTER TABLE `permissions`
  ADD PRIMARY KEY (`id`),
  ADD UNIQUE KEY `permission_name` (`permission_name`);

--
-- Indexes for table `products`
--
ALTER TABLE `products`
  ADD PRIMARY KEY (`id`);

--
-- Indexes for table `roles`
--
ALTER TABLE `roles`
  ADD PRIMARY KEY (`id`);

--
-- Indexes for table `role_permission`
--
ALTER TABLE `role_permission`
  ADD PRIMARY KEY (`id`),
  ADD KEY `role_id` (`role_id`),
  ADD KEY `permission_id` (`permission_id`);

--
-- Indexes for table `security_questions`
--
ALTER TABLE `security_questions`
  ADD PRIMARY KEY (`id`);

--
-- Indexes for table `states`
--
ALTER TABLE `states`
  ADD PRIMARY KEY (`id`);

--
-- Indexes for table `timesheet`
--
ALTER TABLE `timesheet`
  ADD PRIMARY KEY (`id`);

--
-- Indexes for table `timesheet_activities`
--
ALTER TABLE `timesheet_activities`
  ADD PRIMARY KEY (`id`);

--
-- Indexes for table `timesheet_projects`
--
ALTER TABLE `timesheet_projects`
  ADD PRIMARY KEY (`id`);

--
-- Indexes for table `uploads`
--
ALTER TABLE `uploads`
  ADD PRIMARY KEY (`id`);

--
-- Indexes for table `users`
--
ALTER TABLE `users`
  ADD PRIMARY KEY (`id`),
  ADD UNIQUE KEY `user_email` (`user_email`),
  ADD UNIQUE KEY `user_email_2` (`user_email`);

--
-- Indexes for table `user_academics`
--
ALTER TABLE `user_academics`
  ADD PRIMARY KEY (`id`);

--
-- Indexes for table `user_addresses`
--
ALTER TABLE `user_addresses`
  ADD PRIMARY KEY (`id`);

--
-- Indexes for table `user_projects`
--
ALTER TABLE `user_projects`
  ADD PRIMARY KEY (`id`);

--
-- Indexes for table `user_work_exp`
--
ALTER TABLE `user_work_exp`
  ADD PRIMARY KEY (`id`);

--
-- AUTO_INCREMENT for dumped tables
--

--
-- AUTO_INCREMENT for table `academic_degree`
--
ALTER TABLE `academic_degree`
  MODIFY `id` int(11) NOT NULL AUTO_INCREMENT, AUTO_INCREMENT=16;
--
-- AUTO_INCREMENT for table `academic_institute`
--
ALTER TABLE `academic_institute`
  MODIFY `id` int(11) NOT NULL AUTO_INCREMENT, AUTO_INCREMENT=32;
--
-- AUTO_INCREMENT for table `academic_qualification`
--
ALTER TABLE `academic_qualification`
  MODIFY `id` int(11) NOT NULL AUTO_INCREMENT, AUTO_INCREMENT=7;
--
-- AUTO_INCREMENT for table `academic_specialization`
--
ALTER TABLE `academic_specialization`
  MODIFY `id` int(11) NOT NULL AUTO_INCREMENT, AUTO_INCREMENT=43;
--
-- AUTO_INCREMENT for table `activity_object_types`
--
ALTER TABLE `activity_object_types`
  MODIFY `id` int(11) NOT NULL AUTO_INCREMENT, AUTO_INCREMENT=7;
--
-- AUTO_INCREMENT for table `activity_streams`
--
ALTER TABLE `activity_streams`
  MODIFY `id` int(11) NOT NULL AUTO_INCREMENT;
--
-- AUTO_INCREMENT for table `banks`
--
ALTER TABLE `banks`
  MODIFY `id` int(11) NOT NULL AUTO_INCREMENT, AUTO_INCREMENT=17;
--
-- AUTO_INCREMENT for table `categories`
--
ALTER TABLE `categories`
  MODIFY `id` int(11) NOT NULL AUTO_INCREMENT, AUTO_INCREMENT=2;
--
-- AUTO_INCREMENT for table `cms`
--
ALTER TABLE `cms`
  MODIFY `id` int(11) NOT NULL AUTO_INCREMENT, AUTO_INCREMENT=2;
--
-- AUTO_INCREMENT for table `companies`
--
ALTER TABLE `companies`
  MODIFY `id` int(11) NOT NULL AUTO_INCREMENT, AUTO_INCREMENT=3;
--
-- AUTO_INCREMENT for table `departments`
--
ALTER TABLE `departments`
  MODIFY `id` int(11) NOT NULL AUTO_INCREMENT, AUTO_INCREMENT=3;
--
-- AUTO_INCREMENT for table `designations`
--
ALTER TABLE `designations`
  MODIFY `id` int(11) NOT NULL AUTO_INCREMENT, AUTO_INCREMENT=3;
--
-- AUTO_INCREMENT for table `orders`
--
ALTER TABLE `orders`
  MODIFY `id` int(11) NOT NULL AUTO_INCREMENT, AUTO_INCREMENT=6;
--
-- AUTO_INCREMENT for table `order_details`
--
ALTER TABLE `order_details`
  MODIFY `id` int(11) NOT NULL AUTO_INCREMENT, AUTO_INCREMENT=6;
--
-- AUTO_INCREMENT for table `permissions`
--
ALTER TABLE `permissions`
  MODIFY `id` int(11) NOT NULL AUTO_INCREMENT, AUTO_INCREMENT=10;
--
-- AUTO_INCREMENT for table `products`
--
ALTER TABLE `products`
  MODIFY `id` int(11) NOT NULL AUTO_INCREMENT, AUTO_INCREMENT=2;
--
-- AUTO_INCREMENT for table `roles`
--
ALTER TABLE `roles`
  MODIFY `id` int(11) NOT NULL AUTO_INCREMENT, AUTO_INCREMENT=4;
--
-- AUTO_INCREMENT for table `role_permission`
--
ALTER TABLE `role_permission`
  MODIFY `id` int(11) NOT NULL AUTO_INCREMENT, AUTO_INCREMENT=10;
--
-- AUTO_INCREMENT for table `security_questions`
--
ALTER TABLE `security_questions`
  MODIFY `id` int(11) NOT NULL AUTO_INCREMENT, AUTO_INCREMENT=12;
--
-- AUTO_INCREMENT for table `states`
--
ALTER TABLE `states`
  MODIFY `id` int(11) NOT NULL AUTO_INCREMENT, AUTO_INCREMENT=36;
--
-- AUTO_INCREMENT for table `timesheet`
--
ALTER TABLE `timesheet`
  MODIFY `id` int(11) NOT NULL AUTO_INCREMENT, AUTO_INCREMENT=31;
--
-- AUTO_INCREMENT for table `timesheet_activities`
--
ALTER TABLE `timesheet_activities`
  MODIFY `id` int(11) NOT NULL AUTO_INCREMENT, AUTO_INCREMENT=3;
--
-- AUTO_INCREMENT for table `timesheet_projects`
--
ALTER TABLE `timesheet_projects`
  MODIFY `id` int(11) NOT NULL AUTO_INCREMENT, AUTO_INCREMENT=3;
--
-- AUTO_INCREMENT for table `uploads`
--
ALTER TABLE `uploads`
  MODIFY `id` int(11) NOT NULL AUTO_INCREMENT, AUTO_INCREMENT=7;
--
-- AUTO_INCREMENT for table `users`
--
ALTER TABLE `users`
  MODIFY `id` int(11) NOT NULL AUTO_INCREMENT, AUTO_INCREMENT=6;
--
-- AUTO_INCREMENT for table `user_academics`
--
ALTER TABLE `user_academics`
  MODIFY `id` int(11) NOT NULL AUTO_INCREMENT;
--
-- AUTO_INCREMENT for table `user_addresses`
--
ALTER TABLE `user_addresses`
  MODIFY `id` int(11) NOT NULL AUTO_INCREMENT, AUTO_INCREMENT=2;
--
-- AUTO_INCREMENT for table `user_projects`
--
ALTER TABLE `user_projects`
  MODIFY `id` int(11) NOT NULL AUTO_INCREMENT;
--
-- AUTO_INCREMENT for table `user_work_exp`
--
ALTER TABLE `user_work_exp`
  MODIFY `id` int(11) NOT NULL AUTO_INCREMENT;
--
-- Constraints for dumped tables
--

--
-- Constraints for table `activity_streams`
--
ALTER TABLE `activity_streams`
  ADD CONSTRAINT `activity_streams_ibfk_1` FOREIGN KEY (`user_id`) REFERENCES `users` (`id`) ON DELETE CASCADE ON UPDATE CASCADE,
  ADD CONSTRAINT `activity_streams_ibfk_2` FOREIGN KEY (`activity_action_id`) REFERENCES `activity_actions` (`id`) ON DELETE CASCADE ON UPDATE CASCADE,
  ADD CONSTRAINT `activity_streams_ibfk_3` FOREIGN KEY (`activity_object_type_id`) REFERENCES `activity_object_types` (`id`) ON DELETE CASCADE ON UPDATE CASCADE;

--
-- Constraints for table `order_details`
--
ALTER TABLE `order_details`
  ADD CONSTRAINT `order_details_ibfk_1` FOREIGN KEY (`order_id`) REFERENCES `orders` (`id`) ON DELETE CASCADE ON UPDATE CASCADE;

--
-- Constraints for table `role_permission`
--
ALTER TABLE `role_permission`
  ADD CONSTRAINT `role_permission_ibfk_1` FOREIGN KEY (`role_id`) REFERENCES `roles` (`id`) ON DELETE CASCADE ON UPDATE CASCADE,
  ADD CONSTRAINT `role_permission_ibfk_2` FOREIGN KEY (`role_id`) REFERENCES `roles` (`id`) ON DELETE CASCADE ON UPDATE CASCADE,
  ADD CONSTRAINT `role_permission_ibfk_3` FOREIGN KEY (`permission_id`) REFERENCES `permissions` (`id`) ON DELETE CASCADE ON UPDATE CASCADE;

/*!40101 SET CHARACTER_SET_CLIENT=@OLD_CHARACTER_SET_CLIENT */;
/*!40101 SET CHARACTER_SET_RESULTS=@OLD_CHARACTER_SET_RESULTS */;
/*!40101 SET COLLATION_CONNECTION=@OLD_COLLATION_CONNECTION */;
